"","Observe","Chao1","ACE","Shannon","Simpson","Pielou"
"MI_052_H",160,182.5,187.678422841173,3.69898568477568,0.955691833256004,0.728839212101991
"MI_053_H",106,150.4,158.411603156888,3.10584272804148,0.923874511048615,0.665998347005932
"MI_054_H",113,179.6,164.407382877729,3.44807120637915,0.947923047479607,0.729381920546207
"MI_055_H",157,221.473684210526,208.128892156989,3.0876213523876,0.839567873282809,0.61065491498092
"MI_056_H",179,252.2,253.245355780078,3.75850236363726,0.956526078262414,0.724546525805997
"MI_057_H",132,173.352941176471,172.92876679622,3.3104739520188,0.927804044489398,0.677986534064702
"MI_058_H",154,186.5,190.378777104478,3.17804910480596,0.895300020696237,0.630946795743737
"MI_059_H",106,163.272727272727,155.713557149899,3.03114287083853,0.907624655784695,0.649980156203942
"MI_060_H",97,124.555555555556,139.518602947163,2.24025675918757,0.750619715831669,0.489704545208334
"MI_104_H",163,212,217.124083818339,3.57473749478954,0.935902571962928,0.701788928366248
"MI_103_H",205,241.692307692308,259.463964962154,3.8795274745687,0.955632637407805,0.728822130669131
"MI_102_H",199,266.535714285714,263.617566636513,3.72635247044819,0.943046826667492,0.703974661168722
"MI_101_H",200,270.384615384615,262.697410058616,3.89951863192043,0.959434408955112,0.735991893679455
"MI_108_H",186,264.714285714286,257.142806427318,3.85463653095037,0.950319140732105,0.737624070133392
"MI_107_H",124,182.235294117647,198.262732091141,3.1478658565092,0.905742584771838,0.653046054191252
"MI_106_H",200,269,287.220586734186,3.69148454770102,0.940205425953914,0.696727714162222
"MI_105_H",186,241,244.743686753736,3.74519162963737,0.952660202668439,0.71668067043445
"MI_110_H",109,126.652173913043,142.93610885934,2.88806055365641,0.885186305918045,0.615614238414593
"MI_109_H",95,117.555555555556,131.181486142322,2.82498644430023,0.89255023968741,0.620347565721596
"MI_439_H",168,211.75,217.158038344989,3.22738969578959,0.882967056543711,0.629861901598585
"MI_440_H",129,157.636363636364,164.902422716677,2.38877179562578,0.717823579862971,0.491535803621115
"MI_442_H",121,136,134.193646605227,3.20001788714682,0.906233107152145,0.667255556038601
"MI_444_H",165,202.142857142857,199.238227619987,3.64742910877525,0.94268555351353,0.714349404516627
"MI_435_H",137,150.588235294118,149.667669609136,3.62514435223708,0.945548371820426,0.736820814326003
"MI_436_H",106,131.5,138.604133418449,1.76388488537331,0.583869175985613,0.378236929822958
"MI_437_H",160,185.551724137931,198.573739212315,3.92627805540512,0.965753045183908,0.773624352257623
"MI_438_H",105,155.166666666667,164.305778239219,1.86013432197105,0.651880446101697,0.399688476483925
"MI_445_H",173,188.5,195.326928026666,3.61845599485798,0.922459611290017,0.702164030213513
"MI_446_H",170,280.2,239.102731212621,3.54428555500637,0.928590099910842,0.690113834966238
"MI_317_H",129,142,149.843820123348,3.37108761184472,0.933058345316898,0.693666201769265
"MI_318_H",139,191,184.135005527486,3.58065687490617,0.950053205615068,0.725641055850995
"MI_315_H",205,305.037037037037,296.285958986994,3.69603203412629,0.94262977853093,0.694350010353454
"MI_316_H",109,138.176470588235,143.589116910428,3.13384125756814,0.923054246971177,0.668004449092159
"MI_321_H",147,170.375,175.164406719282,2.80730542269049,0.773455332307718,0.562537490262457
"MI_322_H",132,164.25,173.411253877227,2.16780143453898,0.633813218804736,0.443966695538352
"MI_319_H",118,151.066666666667,147.706054648913,3.01062763069451,0.892572400947163,0.631068257007602
"MI_320_H",157,198.25,207.554038659631,3.6310742561486,0.944754433534775,0.718136418982595
"MI_323_H",179,276.65,262.717240860539,3.69172501856738,0.949367545162305,0.711673501209543
"MI_324_H",82,90.2727272727273,90.714766929914,2.28440020010107,0.715637944211483,0.518390229084654
"MI_015_H",141,276,218.774664798879,3.27640305872535,0.924761556371887,0.662065473230097
"MI_016_H",126,151.588235294118,149.222518088168,2.89885380768598,0.85627508340405,0.599397194675374
"MI_017_H",144,179.357142857143,204.687673469388,3.21663204432003,0.914790923015725,0.647233980518837
"MI_018_H",163,201.333333333333,212.816649989746,3.71237179686971,0.95480300313329,0.728809158384276
"MI_011_H",156,213.416666666667,214.471579609757,2.87061879981338,0.8450772516974,0.568455574909926
"MI_012_H",81,100,100.049220195345,2.21527681766322,0.766972494530147,0.504107964318533
"MI_013_H",201,235.181818181818,240.596476447306,4.09292906596172,0.96881204269627,0.771769516729458
"MI_014_H",157,190.115384615385,198.288760280231,3.47180700883511,0.925771306656878,0.686637308091858
"MI_019_H",148,183.652173913043,190.942439447988,3.44484699253254,0.936311291035421,0.689353744410327
"MI_020_H",165,228.75,223.529400747432,3.2846836815945,0.867862596322465,0.643305671473463
"MI_149_H",176,223.222222222222,227.07861278154,3.70627151001245,0.948953620424769,0.716813264206827
"MI_148_H",111,148.4,155.22878400688,3.19210503496733,0.918756301178659,0.677796913602514
"MI_147_H",179,230,236.089885356721,3.74219238747025,0.947124647195348,0.721402364801307
"MI_146_H",163,208.12,218.74148115593,3.63218474814858,0.938188453849809,0.71306691631115
"MI_145_H",165,232.105263157895,237.348268958679,3.8422698220661,0.958191593609496,0.752508980306614
"MI_144_H",156,202.3125,192.460563208527,3.75832145301984,0.952659310268717,0.744243290823426
"MI_143_H",162,191.689655172414,201.304790261184,3.50248724402678,0.921538654777324,0.688436545126726
"MI_142_H",123,156.055555555556,160.612696727669,3.21614121467337,0.925750186530134,0.668332918518137
"MI_270_H",171,255.37037037037,247.232887061982,2.63776375607293,0.801260127900215,0.513017572442474
"MI_271_H",110,130.3125,131.675582990398,2.98330521885919,0.896655724606636,0.634680923373299
"MI_267_H",189,244.038461538462,246.878448396583,3.75524154132719,0.938998306597162,0.71641029804344
"MI_269_H",111,146.285714285714,160.48428978597,2.26859172260284,0.729002819908754,0.481702340919417
"MI_265_H",146,194.75,188.124377533295,3.42733728554362,0.928338889389211,0.687722275392748
"MI_266_H",207,251.451612903226,258.812395864761,4.12209121485925,0.962668168079621,0.77298117051756
"MI_151_H",151,217.352941176471,202.241847902211,2.94143332249447,0.856955240725197,0.586260567112747
"MI_150_H",141,157.916666666667,163.427920856668,3.52698756409943,0.945047586843321,0.712701291278432
"MI_398_H",118,124.5625,126.794460888849,3.46968058720353,0.927503900716366,0.727291963381912
"MI_397_H",120,144.391304347826,149.678782755706,2.1901483007204,0.673303691285025,0.457473018939911
"MI_390_H",156,178.95652173913,179.409276083659,3.2142441179876,0.888566567330183,0.636502132609971
"MI_389_H",110,165.434782608696,182.819694829417,0.950435053042238,0.270908311952303,0.202199558147077
"MI_392_H",162,215.035714285714,229.005559115064,2.84834294536887,0.802661492929703,0.559860247882414
"MI_391_H",105,118.588235294118,119.178238110601,2.63173995696055,0.845352110811653,0.565483966117475
"MI_394_H",71,75.7894736842105,80.6847164830119,0.707574579373302,0.189848373106969,0.165992896436883
"MI_393_H",117,174.4,162.021185335368,2.39608054270772,0.812789783570014,0.503148472843312
"MI_396_H",113,154.352941176471,160.826213479222,2.78053506923865,0.874568236563863,0.588175790916181
"MI_395_H",100,108.636363636364,113.258051578672,1.74055987085597,0.58614940600759,0.377957773667493
"MI_254_H",139,201.636363636364,198.156523259132,2.53987813180075,0.803522956127622,0.514721156950022
"MI_253_H",130,139,141.413877594716,3.67563171357237,0.951450852312382,0.755132141535915
"MI_163_H",122,181.125,171.098686815547,2.39991894491301,0.78855071979846,0.499564619423157
"MI_162_H",107,173.428571428571,144.451726274969,3.43090702497481,0.950274818212599,0.734224844632019
"MI_262_H",184,249.807692307692,251.049646186613,3.66888234713924,0.941774859597636,0.703533565449212
"MI_336_H",128,155.045454545455,160.437005930933,3.30382018856973,0.936367809684456,0.680915000291199
"MI_261_H",74,103,107.784468128729,0.956237009893376,0.327311692689662,0.222170666378445
"MI_171_H",110,196.666666666667,168.422355404478,2.60194279501965,0.820316431555284,0.553548274332811
"MI_170_H",147,201.473684210526,206.652732210092,3.49736980660201,0.935264803628557,0.700814958580478
"MI_224_H",148,195,198.807614812241,2.58557756177868,0.757117426937933,0.517403988490389
"MI_225_H",155,265.625,226.87293061756,2.8297190705347,0.811069683106628,0.561070900218545
"MI_222_H",83,114.5,108.077217335679,1.34144715351107,0.468502119709622,0.303574460491792
"MI_223_H",169,280.235294117647,243.22045987591,3.17207110719407,0.898646370918954,0.618349656293679
"MI_228_H",105,138,143.263188667735,2.2599213849877,0.761881800318274,0.485591026771684
"MI_229_H",147,256.473684210526,248.781644426829,2.72802273098899,0.836483888578243,0.546650552542559
"MI_226_H",115,148.3,156.226004188725,2.43302006469833,0.774233951064815,0.512761826487409
"MI_227_H",117,142.2,153.627196483326,2.1370865473198,0.710784777058842,0.448762808032663
"MI_350_H",208,267.032258064516,268.317928709609,3.97918428911997,0.962490283068448,0.745509302173004
"MI_349_H",183,241.333333333333,233.974049476943,3.85444006680674,0.955661640398757,0.739888724860974
"MI_230_H",108,150,144.97070064566,2.74187767965431,0.85686391848702,0.585604620342599
"MI_232_H",140,185.882352941176,184.193157554263,3.41000934984035,0.927336427035279,0.690055867708815
"MI_346_H",146,195,198.254217809217,2.04631175837686,0.583472653042648,0.410608604110773
"MI_345_H",120,161.130434782609,172.761265421455,2.54337427897099,0.830550174096031,0.531254029378862
"MI_348_H",191,266.115384615385,258.055263724049,3.7413440580091,0.948632356524993,0.712328501031702
"MI_347_H",144,169.2,174.942746191377,3.34697157025616,0.929542587880364,0.673460222447735
"MI_234_H",74,95.1111111111111,94.1483939042921,2.46780726955747,0.832126003271091,0.573366623440238
"MI_344_H",136,159.903225806452,168.962361315315,2.29741543541987,0.787067848927733,0.467652519636672
"MI_070_H",111,146,152.633314179406,2.77457646507225,0.867576433478405,0.589140815850188
"MI_069_H",124,159.285714285714,169.982147058824,2.75117315062481,0.830705451647589,0.570749470374452
"MI_066_H",142,200.235294117647,201.488135679804,3.54690725499787,0.941679224094138,0.715704404889919
"MI_065_H",157,202.041666666667,208.082025358997,3.37196062030563,0.90906394780235,0.666890169132777
"MI_068_H",118,146.05,156.995342822483,3.01982164109228,0.883339335960905,0.632995445895884
"MI_067_H",190,270.454545454545,258.511154874829,3.75611027308968,0.948884013246484,0.715855353707779
"MI_062_H",230,285.560975609756,300.864083177027,4.1715926351504,0.972141586057563,0.767107722814073
"MI_061_H",158,182.391304347826,186.446458822249,3.85469511689453,0.961061253647591,0.761406964560185
"MI_064_H",155,206.25,197.790598343583,3.85759343471098,0.962948679058777,0.764875723398738
"MI_063_H",83,108.3,108.331636149211,2.84766455499658,0.89841033119259,0.644437038523671
"MI_242_H",92,123.071428571429,125.345264284751,2.26948710361623,0.75278482628956,0.501900313326306
"MI_140_H",147,176.64,189.452635836845,3.637604990388,0.95095527300032,0.728915765744474
"MI_141_H",154,193,191.024268741009,3.71420290884806,0.953346309321063,0.737390879371839
"MI_138_H",187,244.24,239.193583420622,3.80367571372701,0.955322825971122,0.727126120354604
"MI_139_H",116,123.037037037037,129.764391294283,3.41127452584641,0.939071929574194,0.717620659060738
"MI_136_H",142,161.84,168.877386008294,3.61588505057588,0.953545611925554,0.729622928433272
"MI_137_H",86,102.666666666667,110.636366068562,1.92294743248333,0.715053868593695,0.431701280701821
"MI_134_H",170,288.1875,242.177113746334,3.36841799583292,0.927881831998465,0.655870365069772
"MI_135_H",137,148.322580645161,157.348690742225,3.39806986492178,0.929725678556579,0.69066728431469
"MI_132_H",227,277.731707317073,298.34988474317,4.04511524411402,0.955049602923026,0.745650232919936
"MI_133_H",185,244.035714285714,247.982319386527,3.70959068863428,0.947581853319381,0.71060111857004
"MI_451_H",172,217.933333333333,232.288595795236,3.61919485095445,0.947061286815114,0.703098345662511
"MI_450_H",110,130,130.107562917226,3.1438804751111,0.921995117234923,0.668842380023663
"MI_449_H",192,260.076923076923,253.34569984566,3.60832791809431,0.927527549308989,0.686320702685203
"MI_447_H",134,186.555555555556,175.345098984739,2.25363485918306,0.702691157783782,0.46012833233248
"MI_455_H",105,142.05,149.107415987189,1.86015408365143,0.599555034625481,0.399692722691216
"MI_454_H",122,169.526315789474,179.692479213908,2.77036041994308,0.868406365219494,0.576675329717857
"MI_453_H",169,200.935483870968,214.07906626506,3.79458873532413,0.959023012683454,0.739700517728648
"MI_452_H",87,112.833333333333,129.318379384916,2.42848050772675,0.845325338820005,0.543782013244457
"MI_458_H1",125,166,177.943096817368,2.90079093957466,0.884517452326705,0.600787582870579
"MI_456_H",188,224.964285714286,225.588060220565,4.01632861809802,0.967466750115956,0.766995728513233
"MI_306_H",115,136.666666666667,138.486938964314,3.07596687510468,0.902667970264349,0.648263619350384
"MI_305_H",179,255.25,247.682705121136,3.53083426657432,0.936483077981829,0.680657733727606
"MI_308_H",136,175,176.029852772476,3.36976992433085,0.925450488956962,0.685936627487311
"MI_307_H",125,166.052631578947,167.768079500365,2.24412712642293,0.698521717551175,0.464784860413147
"MI_310_H",160,194.137931034483,205.1049331725,3.69384369507746,0.956175067705251,0.727826046861664
"MI_309_H",149,178.689655172414,190.999532161776,3.32796448555643,0.912828536027924,0.665067984762805
"MI_312_H",208,279,287.425879726252,3.42286074645793,0.888677671095523,0.641280810618492
"MI_311_H",109,152.153846153846,147.647716499568,2.86049105687103,0.895910273372525,0.609737569815829
"MI_314_H",149,188,182.227658747012,3.72923121468144,0.953879071954859,0.745258039689702
"MI_313_H",71,152.2,114.469552057293,2.3053388854063,0.818729298650416,0.540819144741035
"MI_022_H",46,163,92.9610609213887,0.805875220534167,0.361195366452419,0.210485949734849
"MI_021_H",210,337.217391304348,312.744013927747,4.11452012173884,0.972298499675278,0.769485202626317
"MI_024_H",137,179,169.538466361947,3.49683822528931,0.944879072029225,0.710742232135936
"MI_023_H",102,129.555555555556,137.820092020211,2.07374058171218,0.73251024828122,0.448378977657078
"MI_026_H",81,105.473684210526,119.64514313048,1.79427130232093,0.719526575998359,0.408304030645834
"MI_025_H",119,158.375,160.408598930481,2.67679462474738,0.82234500485577,0.560101581096538
"MI_028_H",171,245.25,230.775374262511,3.45773354643524,0.916084605145473,0.672493154878297
"MI_027_H",112,147.2,152.606055882873,3.21667900526248,0.915345103242839,0.681716599495465
"MI_030_H",85,125.615384615385,127.718236965678,2.13758674578291,0.788700642951689,0.481151146550178
"MI_029_H",186,250.565217391304,244.155310893556,3.97009748852794,0.965664102678322,0.759718703644497
"MI_174_H",167,233.3,231.011212399595,3.92835374434065,0.966973401803198,0.767557345382107
"MI_175_H",189,224.636363636364,237.555736445951,3.89266560670666,0.951549313748332,0.742627523900515
"MI_172_H",186,245.4,242.1214401446,3.93293836169212,0.965536489518133,0.752607925193882
"MI_173_H",149,289,217.047661025131,3.33163768106878,0.926181513062241,0.665802044500414
"MI_284_H",145,195.166666666667,184.937783671509,2.9977027085491,0.85185696111569,0.602343397035157
"MI_283_H",190,239,235.195542718566,3.87560358020917,0.94909714804666,0.738628892665509
"MI_176_H",147,277.714285714286,231.257724695453,3.08013936996711,0.903672812350872,0.617208892497093
"MI_177_H",209,274.032258064516,279.879527747911,4.09957511398253,0.968477244067382,0.76737525595198
"MI_280_H",86,107.230769230769,106.80427458256,2.10685956639503,0.753360721576567,0.472989514797618
"MI_279_H",153,208,217.315875769108,2.13942618003533,0.615758931303739,0.425296209488484
"MI_282_H",181,244.214285714286,254.993738111794,3.65040141456679,0.946261399197985,0.702203231551701
"MI_281_H",207,286.026315789474,307.766038399171,3.14606289128174,0.866652502299974,0.589954770398708
"MI_276_H",160,190.565217391304,190.578510183399,3.75038952799809,0.956581555778441,0.738967701311192
"MI_275_H",103,118.789473684211,126.439882897603,2.60681555527509,0.823469428504987,0.562452640034694
"MI_278_H",198,278,263.233489159559,3.59777896264792,0.934424014357522,0.680332317140084
"MI_277_H",169,216.903225806452,236.637823150896,3.31433808372269,0.904070673893419,0.646082557942352
"MI_382_H",104,131.555555555556,140.165127202295,2.46914006596988,0.826309936818843,0.531639157769076
"MI_383_H",177,275.333333333333,241.08318089866,3.37423678748319,0.91316437578982,0.651881603472348
"MI_384_H",39,64.5,61.8744261409668,0.971773703876244,0.470198125380525,0.265253815205449
"MI_385_H",77,104.083333333333,107.250491711548,1.76383747616145,0.682159717388907,0.406058122973828
"MI_376_H",142,196.473684210526,198.950345386633,3.0059351601296,0.864394582271037,0.606545612910177
"MI_377_H",171,222,223.429606822229,3.51261867891766,0.934295657530898,0.683167741396702
"MI_380_H",160,213.8125,194.565430945474,3.53816116441855,0.936572317953989,0.697150736748814
"MI_381_H",110,130.217391304348,138.045176426791,1.89697199127349,0.599402731739661,0.403569814923307
"MI_386_H",123,192.461538461538,171.976305101547,2.05089452942098,0.658363730079128,0.426187855236951
"MI_388_H",105,119.772727272727,124.129360911752,1.51172802010079,0.455664652247817,0.32482614942124
"MI_459_H",123,149.4,153.449848566878,3.27024362459444,0.930713565048392,0.679575715120614
"MI_304_H",109,125.5,125.407599757696,3.39885813309662,0.941455083030729,0.724495010479082
"MI_303_H",135,186.75,189.904123107505,3.01633490648252,0.887420428621074,0.614916603600086
"MI_285_H",71,123.8,122.513719512195,0.794016737087345,0.237783772886056,0.186271725766671
"MI_286_H",145,205.272727272727,205.838579445318,2.64763093847378,0.795270340968829,0.532001725530535
"MI_287_H",162,216.05,212.923470079712,3.63088714110459,0.9470386793555,0.713674376239352
"MI_288_H",182,267.954545454545,258.658141408405,3.79537626587827,0.95666306161968,0.729318099322086
"MI_289_H",123,183.882352941176,187.067775111904,2.02621086383704,0.608303824029484,0.421058445438596
"MI_290_H",101,161,157.18156200053,2.67195105849766,0.877960099172381,0.578955857977556
"MI_291_H",122,163.052631578947,172.64913879474,2.96718099199486,0.877272653920174,0.617645294299416
"MI_292_H",112,154.272727272727,138.182477468599,2.62803788462569,0.801735182018681,0.556964822141489
"MI_293_H",160,224.473684210526,222.670548029126,3.78909135532112,0.959588645373662,0.746593415962947
"MI_294_H",203,309.636363636364,293.946206721611,4.00552856600699,0.965619185225668,0.753881664254501
"MI_298_H",219,308.444444444444,302.039296661107,4.12455003109293,0.965224149615573,0.765354450242838
"MI_297_H",90,121.909090909091,116.049067785981,2.10435657249008,0.716305161736666,0.46765457356236
"MI_200_H",134,201.105263157895,215.819590729073,3.22873782337357,0.911539613363359,0.659216706803258
"MI_201_H",111,156.15,181.250659895085,2.79016629054877,0.866657856698304,0.592451087747835
"MI_196_H",100,137.4,147.844078646548,2.87153729586962,0.891095628141201,0.623546401087781
"MI_197_H",175,267.125,272.551646706587,3.11490926946536,0.853591042508048,0.603105198393936
"MI_198_H1",91,100.5625,104.422872539688,2.81140027399891,0.879333651077212,0.623251571000443
"MI_199_H",159,206.142857142857,206.467096760959,3.81322408510285,0.958163334284978,0.752277796734177
"MI_192_H",93,133.6,126.486683263011,2.5345399963495,0.810534986940102,0.559180223220265
"MI_193_H",145,192,200.933364878209,3.27193494837897,0.916743791073162,0.657446252446603
"MI_194_H",112,166.05,183.369825259516,2.57879254089783,0.857596578658454,0.546528167376678
"MI_195_H",121,160,170.709039711393,3.30612001470278,0.940343301710901,0.689379568033532
"MI_178_H",137,188.041666666667,195.578937625926,2.95451568414674,0.898296104028225,0.600513646025862
"MI_179_H",104,115.55,121.747505868545,2.65058254259328,0.810113328071645,0.570706170120889
"MI_343_H",183,238.25,240.730643244903,3.96805567887945,0.96475043409669,0.761698095063588
"MI_233_H",144,179.037037037037,196.568584871516,3.29684699921092,0.917767671020412,0.663374416799961
"MI_236_H",169,218,224.538579067991,3.68402693890571,0.950946646469678,0.718148085105216
"MI_235_H",160,264.117647058824,261.170579029734,3.59913934273313,0.943213110482283,0.709165729837632
"MI_238_H",167,249.65,233.37656643329,3.36816366439025,0.913723464215403,0.658102332249554
"MI_237_H",129,182.8125,179.89508870541,3.0662378683547,0.899375461491502,0.630937495777153
"MI_240_H",157,214.954545454545,215.286844827586,3.33931437900108,0.91552551671989,0.660433552393532
"MI_239_H",106,142.25,135.428183097908,2.89241291427939,0.886914289245639,0.620231733685828
"MI_335_H",112,145,146.090909090909,2.46284468425099,0.74218653846254,0.521955128406126
"MI_241_H",126,153.083333333333,144.551828299895,3.57317620658402,0.94802522724773,0.738827114574954
"MI_337_H",178,202.405405405405,215.084799295833,3.39265062358451,0.915910438466474,0.654726425883472
"MI_338_H",165,198.785714285714,211.049625425126,3.61227030767468,0.932690676631599,0.707463549334607
"MI_339_H",132,163.954545454545,169.877797590529,2.32292727520487,0.676628921380998,0.47573653652828
"MI_340_H",184,284.5,273.223812922784,3.1400438841854,0.859239932745782,0.602125132529933
"MI_341_H",129,189.882352941176,177.033025123967,2.35293943433499,0.772237504154307,0.484162605170363
"MI_342_H",177,238.25,223.750729266066,3.6273770271072,0.937241469011903,0.700786726527614
"MI_180_H",147,177.565217391304,181.037311632068,3.25036432962936,0.900191412303619,0.651319153822581
"MI_181_H",206,269,280.199871853547,3.89224683632495,0.953730487401212,0.730543787621329
"MI_079_H",108,137.0625,143.026183547123,2.66817476941339,0.813515750743536,0.569863303693048
"MI_080_H",199,286.129032258065,299.520460755245,3.60791313669698,0.938194998114434,0.681599351664915
"MI_077_H",205,270.206896551724,269.944018139511,3.87423452573632,0.946080836987648,0.727827778065412
"MI_078_H",112,136.166666666667,141.588340273647,3.32505480123678,0.945114368089154,0.704684877952328
"MI_075_H",159,229.5,205.430992891233,3.53199173552931,0.935074871221143,0.696795913795779
"MI_076_H",158,216.8,214.22041087963,3.72270019801991,0.958455148993942,0.73533438359854
"MI_073_H",78,91.125,99.5952522087122,1.96007317007983,0.685853954769761,0.449897674609843
"MI_074_H",141,188.045454545455,202.773271943817,3.3311283071189,0.92783840187868,0.673123849390144
"MI_071_H",138,220.5,185.867484831771,3.35913567806247,0.932726818820323,0.681746037997087
"MI_072_H",194,275.888888888889,275.251564215899,3.88896385453752,0.957665375240325,0.738243843533747
"MI_131_H",92,123.909090909091,120.670813170629,2.38048038230117,0.752157618018562,0.526446635383092
"MI_130_H1",144,189,196.348439842419,3.40362113341716,0.933360868822521,0.684858953093376
"MI_127_H",175,220.724137931034,229.668161459124,3.2405640627057,0.89017214316263,0.627434336885785
"MI_126_H",162,209.045454545455,209.465131212809,3.79511573621074,0.957986192940241,0.745954569927056
"MI_129_H",129,179.214285714286,166.013251104259,3.15231134046928,0.914081613970339,0.648648770401114
"MI_128_H",144,303.6,225.12679306756,3.27942218754153,0.924788328363535,0.659868286766691
"MI_123_H",106,139.833333333333,133.734470773293,3.03976548395393,0.903855159360652,0.651829137812018
"MI_122_H",191,256.206896551724,266.519080097415,3.82600601176925,0.95378492378423,0.728447607342518
"MI_125_H",169,259.588235294118,232.195074138363,3.77882313302666,0.959944861595868,0.736627240228723
"MI_124_H",168,227.035714285714,252.987084109529,3.55572583405303,0.940336311246415,0.693940443052671
"MI_247_H",121,140.772727272727,149.264562699345,3.27233560076827,0.932761622409466,0.682334970565545
"MI_248_H",68,83.8333333333333,86.5243630761234,1.93316940482698,0.748329818146041,0.458150462068251
"MI_249_H",110,119.5,123.140055063837,2.94440786447633,0.870530574023479,0.626405736295412
"MI_250_H",103,115.214285714286,113.788048724839,2.30004023784336,0.72220050303085,0.496262077822574
"MI_243_H",165,241.5625,214.779265873016,3.5686573825479,0.930880889996192,0.698921953003486
"MI_244_H",96,106.6875,109.813988028432,2.65703682666764,0.826239585974124,0.582128425617147
"MI_245_H",158,212.05,203.740762060556,3.09143016760068,0.879132563673278,0.61064140967884
"MI_246_H",199,299.625,282.231140166348,3.36465717605551,0.861251252984984,0.635643947867793
"MI_251_H",151,188.434782608696,192.568438289141,3.53419514624298,0.942624721599174,0.704404629837541
"MI_252_H",50,62.6666666666667,75.5684087147561,1.36705073981086,0.669416993030879,0.349448543097524
"MI_354_H",70,78.0769230769231,79.0724851292309,1.31773208600962,0.422156827501142,0.310164425504683
"MI_353_H",38,45,54.0959004703383,0.392138027580192,0.124254911303276,0.10780171530279
"MI_352_H",116,165.4,162.158576227456,2.54388707791712,0.808292683906292,0.535150691508189
"MI_083_H",151,181.37037037037,188.849709114473,3.05640173006945,0.870901366107804,0.609175056898903
"MI_082_H",130,179.285714285714,188.502182473062,2.88430745915179,0.875114385193482,0.592560255815309
"MI_081_H",225,351.034482758621,332.459459481266,3.91904233639988,0.959470253677263,0.723591153296342
"MI_088_H",161,214.125,208.724239828579,2.75123638204341,0.820263631238422,0.541432286121914
"MI_087_H",158,203.15,198.106622240733,3.55087976053774,0.936937606906698,0.701395181201101
"MI_351_H",100,139.136363636364,155.380674363944,1.17111152685457,0.353752455307692,0.254303636903117
"MI_420_H",215,278.37037037037,269.641050708377,4.18294474885121,0.971709218392448,0.778854342248325
"MI_417_H",120,130.928571428571,131.140918346527,3.06310081532689,0.862446324945495,0.639813284262063
"MI_418_H",154,166.047619047619,168.212420379416,3.33568085070056,0.896484830059949,0.662241858123134
"MI_415_H",85,102.1,98.709705679427,1.96364985317702,0.606424876415653,0.441999549325035
"MI_416_H",193,215.037037037037,216.895315376439,4.1329120365638,0.967190254935547,0.78532307398164
"MI_413_H",182,223.045454545455,214.850517162203,3.87606343789082,0.961089810438682,0.74482291644942
"MI_414_H",130,159.176470588235,152.812703677235,2.39033475699952,0.709117923112178,0.491077111282857
"MI_411_H",164,196.217391304348,197.030142459686,3.43928941675934,0.903041588281126,0.674388136519621
"MI_412_H",128,171.588235294118,159.981802079322,2.30768159754757,0.763225456832432,0.475611542390372
"MI_033_H",129,164.0625,157.863185493814,3.25207870018075,0.921390962623399,0.669177826136256
"MI_034_H",135,182.526315789474,191.029078577138,3.49883319464398,0.950698559347073,0.713279755503893
"MI_031_H",171,232.875,234.030572463631,3.63380644553972,0.944102386804859,0.706737499567441
"MI_032_H",110,164.666666666667,164.859675610908,2.34083042864929,0.770616311326731,0.497998129230494
"MI_037_H",217,271.558139534884,290.062983762993,3.46051410943305,0.911047008717035,0.643230508321078
"MI_038_H",182,231.5,244.91552354824,3.60325090426757,0.928023426087625,0.692399360903126
"MI_035_H",149,182.681818181818,184.118683485292,3.00727118204998,0.846220267007484,0.600979906294534
"MI_036_H",139,155.111111111111,165.355294910348,3.4582171139819,0.937843987557271,0.700827922255905
"MI_039_H",137,180.9375,176.384653907288,3.25589492842465,0.922707847145909,0.661769827466683
"MI_040_H",166,224.333333333333,221.677131689214,3.64018301156454,0.943184404957905,0.712087579680002
"MI_210_H",196,268,275.424403667943,3.68272363517692,0.925666598422877,0.697734678563012
"MI_211_H",151,188.4,180.060768716722,3.74795799079375,0.95408224162481,0.747009956130538
"MI_165_H",133,161.333333333333,163.422919789627,3.11897997103079,0.898531995021302,0.637782679570145
"MI_164_H",178,225.045454545455,216.730578880053,3.99594130349242,0.969524921340542,0.771151721161177
"MI_167_H",112,143.058823529412,148.795305387355,3.23751926453641,0.936768794626028,0.686133313336537
"MI_166_H",89,134.111111111111,131.007243233428,3.10542587301456,0.921615847353243,0.691841712542173
"MI_169_H",150,211.6,225.480179316147,3.4837672753039,0.940323668917026,0.695274565165144
"MI_168_H",144,191.833333333333,193.378057513285,3.48231954573091,0.938038679429867,0.700694238559828
"MI_202_H",137,180,185.303978324249,3.10380735022246,0.912787336907444,0.63085759823348
"MI_203_H",180,233.2,243.175046562331,3.36692940384442,0.914175018474533,0.648364602387797
"MI_204_H",146,208.636363636364,212.637587114717,3.35700020368163,0.937049008138611,0.673608584806575
"MI_205_H",129,184,192.723073635781,2.89090104530748,0.854388104192724,0.594858567526784
"MI_206_H",120,153.055555555556,158.514734460581,3.15369176028809,0.912373412169908,0.658735707490842
"MI_207_H",138,159.576923076923,168.28010700227,3.30804870554482,0.918711681192579,0.671377793173091
"MI_208_H",151,209.8,206.657878988995,3.32268592381308,0.919845326305586,0.662248475644602
"MI_209_H",116,153,163.574944854872,2.97627029972671,0.88365970746096,0.626109988466214
"MI_369_H",68,107.545454545455,108.941962881409,0.852124342998136,0.287855875065229,0.20194875860822
"MI_368_H",174,240.95652173913,238.86618416412,3.2696482306619,0.874559758766507,0.633768789250953
"MI_367_H",166,211,226.008683253164,2.90186512810011,0.852258838456984,0.567658853706502
"MI_366_H",105,151.866666666667,147.997690581675,1.80822289566644,0.666881239221949,0.388534228832705
"MI_373_H",189,260.1875,263.732260968037,2.60471648382278,0.703106569854187,0.496917626192064
"MI_372_H",95,116,114.775074286034,2.804946471304,0.867820356068976,0.615946925679441
"MI_371_H",171,228.033333333333,239.900594147207,2.6760317503104,0.751743247081165,0.520460298676295
"MI_370_H",194,237.135135135135,254.697351779512,3.70046243957402,0.944175712315317,0.702460530985897
"MI_419_H",184,239.1,253.474203527485,3.71255156291726,0.942414561464737,0.711907439607548
"MI_375_H",164,234.384615384615,238.971633835607,2.6954976605326,0.825452043219811,0.528542795910561
"MI_374_H",133,164.315789473684,169.343827567788,3.39917671042156,0.93105461047533,0.695078535560013
"MI_085_H",138,193.714285714286,182.645818890409,2.72720740205743,0.754732191215381,0.55349441622477
"MI_090_H",176,221.933333333333,236.752820520225,3.62582836621704,0.930503553647241,0.70125511841765
"MI_089_H",169,196.333333333333,208.120457031438,3.79450589128501,0.955529713973247,0.739684368474303
"MI_048_H",121,152.538461538462,162.451211698283,2.31835017336501,0.773101793284677,0.483413558478613
"MI_047_H",155,202.833333333333,198.401988636364,3.63949311508113,0.939384269476754,0.72163123883245
"MI_046_H",143,213.5,207.851552652862,3.30543757577904,0.914043835715458,0.66603688449661
"MI_045_H",134,165,159.367309027751,3.27932326029531,0.919263481687102,0.669544818580667
"MI_044_H",187,221.5,227.248351632351,3.93362535044642,0.959869453819393,0.751967821461843
"MI_043_H",174,221.357142857143,230.882701649243,3.53630339214423,0.935599602257444,0.685455609030327
"MI_042_H",158,245.352941176471,226.262502961684,3.50051418338322,0.938497075420196,0.691446611974063
"MI_041_H",157,212.25,216.932847960121,3.4420115394501,0.939407025669655,0.680744503324832
"MI_050_H",160,207.903225806452,219.10975713624,2.41968958040556,0.772968974459446,0.476769795182685
"MI_049_H",132,165.066666666667,161.453776137761,3.70088553549782,0.959925526268567,0.757942999567244
"MI_115_H",123,158,159.977993233372,3.4191349216982,0.944515865342534,0.710516195806382
"MI_116_H",175,294.166666666667,252.49211518857,3.31337941096138,0.921971914842162,0.641532761994456
"MI_117_H",151,169.206896551724,178.664159147794,3.44700118278234,0.929211210117076,0.687025897477261
"MI_118_H",171,248.772727272727,242.681783158465,3.06827736104288,0.880270670784893,0.596747983862621
"MI_111_H",217,279.636363636364,258.701206778865,4.15706553197061,0.968061980730264,0.772703503206224
"MI_112_H",128,255.153846153846,220.726690749511,2.09414786916393,0.653521717923008,0.431602392247285
"MI_113_H",104,182,158.383560980209,1.80396642541059,0.529976561864979,0.38841830168604
"MI_114_H",174,324.9375,275.217618360476,3.426086740723,0.929194105789079,0.664091881559135
"MI_302_H",200,259,262.878011237149,3.9621960542576,0.962240113679826,0.747821578086979
"MI_301_H",104,133.545454545455,126.519243186583,2.76613263258881,0.845735693958655,0.595585662933798
"MI_300_H",151,210.625,212.38801322321,2.66131151694865,0.82255308272419,0.53042915753292
"MI_299_H",152,179.333333333333,196.477532082601,3.63121671208952,0.953299458335679,0.722791216276345
"MI_119_H",159,185,196.829522786558,3.6562033288785,0.951573557274103,0.721300538147287
"MI_120_H",138,201.066666666667,196.318705415567,3.51159655316977,0.944175266115456,0.712688401603525
"MI_296_H",153,191.896551724138,211.053909817661,3.18130988269,0.909250459344165,0.632412114492293
"MI_295_H",126,156,164.106746656362,3.0098717709309,0.903649163758249,0.62235242461872
"MI_191_H",173,232.181818181818,253.262233209261,3.16907700254426,0.907980872006901,0.614961708343443
"MI_190_H",98,149.666666666667,134.5068727491,2.92641869541991,0.896819331222263,0.638263784647046
"MI_185_H",173,226.454545454545,233.448532914586,4.06867413314871,0.972680000556262,0.78952918897368
"MI_184_H",192,236.451612903226,236.242432758872,3.71292995823081,0.945662896451365,0.706216495783383
"MI_183_H",141,205.6875,188.377626130547,2.96577299361391,0.874761738570163,0.599296199312526
"MI_182_H",142,250.1,186.659429901523,3.10224853253593,0.903217242292994,0.625979982045115
"MI_189_H",119,158.055555555556,157.472730959892,2.80844941050219,0.887434707016619,0.587649474752053
"MI_188_H",131,191,178.381142714446,3.40771263332393,0.941281808751452,0.698989683372725
"MI_187_H",128,171.05,175.031923205715,2.55674941386994,0.789916835038945,0.526944242883704
"MI_186_H",128,171.9375,172.191859152975,3.321387071455,0.936099941034688,0.684535522408693
"MI_332_H",212,315.551724137931,304.516693135708,3.64903988458848,0.943424906682877,0.681224887918363
"MI_331_H",209,280.322580645161,280.423681974112,3.73416060084227,0.943464321003914,0.698975471156436
"MI_330_H",104,180.153846153846,179.220388188168,2.27785681387825,0.80076663085417,0.490453293735323
"MI_329_H",194,275.052631578947,245.024678873786,3.60222024951853,0.903471576213651,0.6838111696916
"MI_328_H",186,245.230769230769,243.809948489666,3.52096549716982,0.9275968590207,0.673772709817937
"MI_327_H",153,196.24,196.723089203692,2.26547128654579,0.686813581937056,0.450352697309244
"MI_326_H",130,145.954545454545,147.339535800645,2.61592573357459,0.793034433466358,0.537423157493984
"MI_325_H",195,256.384615384615,249.853189548945,3.79799843472291,0.950175464376928,0.720272852774029
"MI_334_H",154,209.647058823529,198.4844976524,3.44652025544079,0.914314976497538,0.684247108815212
"MI_333_H",101,116.789473684211,119.766220076372,2.11545341363267,0.735547679466976,0.458374468426788
"MI_273_H",85,158.928571428571,176.543454477147,1.72647178900303,0.669623583566429,0.388612945137391
"MI_274_H",95,107.65,114.477022768171,2.00302048975325,0.63796436484305,0.439849503496186
"MI_160_H",219,300.617647058824,300.548477016505,3.69819712809559,0.937870313349058,0.686240100987024
"MI_161_H",147,211.473684210526,202.028332498135,3.14626827283661,0.913182967450687,0.6304600288905
"MI_152_H",173,242.391304347826,248.643970482741,3.77631171938161,0.955469179525465,0.732796048920191
"MI_153_H",162,227.333333333333,214.572114920911,3.65165106058562,0.952571260162853,0.717755659052071
"MI_154_H",136,173.142857142857,181.370737111898,3.02619241867035,0.890125738377107,0.615999391175825
"MI_155_H",113,179.230769230769,172.0464,2.58831562517883,0.846820703286835,0.547514975381021
"MI_156_H",110,141.166666666667,148.099019539519,2.90825340100652,0.895882162781295,0.61871408338842
"MI_157_H",149,240.833333333333,233.928396767239,3.11557380700138,0.900154675181747,0.622623348955524
"MI_158_H",191,285.545454545455,273.382416452442,3.84364624893687,0.959855472890421,0.731806198133589
"MI_159_H",176,227,228.558057890864,3.5890653465296,0.943440077478144,0.694144948514267
"MI_256_H",123,139.666666666667,144.235006879739,3.53941855284314,0.948544752618989,0.735511836509684
"MI_255_H",167,224.115384615385,236.945572812956,3.32664500384754,0.890337683310987,0.649990040194417
"MI_409_H",127,165.75,152.206161241564,3.24329229068289,0.907521732350137,0.669522508688643
"MI_410_H",105,113.571428571429,115.750492974596,3.31194172929469,0.938996521797718,0.711639438265217
"MI_260_H",135,182.526315789474,179.40035498186,2.83331195875172,0.871267844926808,0.577605146852486
"MI_259_H",126,199.5,193.238685402572,2.82181340234772,0.839161236476333,0.583467518361937
"MI_258_H",133,161.333333333333,162.172357307648,2.67827528720106,0.81886687694083,0.547665456387353
"MI_257_H",132,194.666666666667,192.572407642116,2.37505526272368,0.75725485649506,0.486412371498707
"MI_401_H",173,216.157894736842,205.74898831593,3.71870503673045,0.944360290324401,0.721617430052076
"MI_403_H",119,173.473684210526,180.728390655572,2.1244301099465,0.719824042572226,0.444522957611074
"MI_399_H",185,222.625,218.996240285826,4.09482631516253,0.972084621208668,0.784396016741079
"MI_400_H",131,192.894736842105,181.753308570096,1.35312861379265,0.371875160120679,0.27755360944122
"MI_406_H",88,140.928571428571,153.282639975257,1.21897802572482,0.39357668528386,0.27225515439961
"MI_408_H",187,221.588235294118,231.443932816247,3.40671710170485,0.920605948334964,0.651241897506856
"MI_404_H",160,203.588235294118,191.346256109429,3.52649466354681,0.913098784410283,0.694851997573277
"MI_405_H",116,146,157.317966144779,2.38797653177372,0.749321125503453,0.502352208703531
"MI_263_H",132,162,166.220373940904,3.18181806654837,0.914124300423689,0.651637751642194
"MI_264_H",150,191.25,204.52353515625,3.36444086348248,0.920998752945756,0.671459937913783
"MI_099_H",128,161.913043478261,167.153691383097,2.34995381090312,0.75412253347224,0.484323815615436
"MI_100_H",197,258.107142857143,262.790546681333,4.03304838468859,0.967086439101267,0.763371732714152
"MI_095_H",138,176.153846153846,165.938376708259,3.67676083862028,0.951886194643237,0.746208958084726
"MI_096_H",176,238.666666666667,220.753401761789,3.6937236433218,0.95014527151968,0.714386437878248
"MI_097_H",162,207,208.818276220145,3.53706414843628,0.940183562160735,0.695232859561119
"MI_098_H",199,270.1875,284.963937338501,3.77607487052654,0.952247616530485,0.713368112278152
"MI_091_H",174,237.84,246.045461123673,3.7626599219789,0.957341582874671,0.729331186380531
"MI_092_H",137,194.4,179.993454125643,3.43170302966952,0.941716258682584,0.697503319912139
"MI_093_H1",210,301.12,285.443329801013,3.97170557845517,0.961421336935257,0.742776455427343
"MI_094_H",89,112.1,106.374372850781,2.80492580836642,0.901600808930601,0.624894862787428
"MI_434_H",210,282,281.549381896737,3.86609167675271,0.937862876684711,0.723024860551844
"MI_433_H",200,291,299.374849809066,3.3592199233666,0.911188900272769,0.634016366134594
"MI_427_H",183,236.714285714286,231.927458202633,3.91922843175461,0.960419915714334,0.752325338194236
"MI_426_H",98,110.666666666667,114.992016708537,2.14028290106171,0.655688018247195,0.466804379969624
"MI_431_H",157,226.789473684211,211.013128060855,3.26985639058136,0.923190189195434,0.646696485191173
"MI_430_H",110,161.230769230769,153.722910499699,2.6451471635576,0.849388583485742,0.562739753751034
"MI_423_H",200,234.027777777778,247.802927918356,3.95771113968688,0.961808340947858,0.746975099052138
"MI_421_H",149,251.789473684211,231.369554071073,2.35061691848358,0.752189149475392,0.469752626180398
"MI_425_H",132,169.714285714286,159.285309065821,3.01490093322083,0.87779039449199,0.617453048683955
"MI_424_H",212,264.058823529412,271.459302287014,3.9682612636014,0.961390549144862,0.740819070228526
"MI_213_H",107,128,135.461763564155,2.79206790309867,0.867474997376717,0.597511272509555
"MI_365_H",231,285.028571428571,285.152827909682,4.07934847327284,0.95945195948297,0.749547111274877
"MI_084_H",141,169.12,179.377950816117,3.31213129130791,0.915142082306175,0.669285106708785
"MI_355_H",53,92.4285714285714,84.8834176349966,0.439017465593422,0.120259637749668,0.110575613872342
"MI_356_H",161,192.5,189.925191412445,3.69485875466971,0.931137603649439,0.727133384646709
"MI_001_H",186,235.5,246.901617018634,3.89199698472501,0.95722958670961,0.744773374550036
"MI_002_H",205,291.058823529412,305.289092585793,3.37102875394826,0.903812175440728,0.633293712985655
"MI_003_H",77,102.090909090909,111.489435267,2.70852612196769,0.886431054796392,0.6235376263267
"MI_004_H",154,183.333333333333,181.006393680547,3.68202025787901,0.936759573162238,0.731001569503481
"MI_005_H",118,128.928571428571,128.936877671484,3.48223971746745,0.943142015971129,0.729924526892716
"MI_006_H",190,245.034482758621,247.192686375491,3.85404840240007,0.958173299415203,0.734520815875187
"MI_007_H",122,164,162.038677217826,3.28449870347,0.926934995893846,0.683697817492049
"MI_008_H1",140,190.647058823529,182.579036741434,3.32801555237343,0.923220828252542,0.673463449550071
"MI_009_H",93,118,116.286597462514,2.48693344166025,0.834726604793124,0.548677077120292
"MI_010_H",151,188.142857142857,188.299700617234,3.64448871047909,0.952478301858519,0.72638737104859
"MI_219_H",69,84,85.8835616438356,1.3298006877386,0.569723153065367,0.314068785538282
"MI_218_H",106,152.75,138.535580700601,1.9022951407112,0.692738818621913,0.407916797522453
"MI_217_H",127,207.571428571429,196.756733807542,2.74599161914795,0.814491292372533,0.566863246637207
"MI_216_H",157,212.434782608696,219.50549780066,3.34955821736047,0.923284337366063,0.662459529522365
"MI_215_H",116,139.214285714286,137.186947368421,2.68889419758584,0.822260226882218,0.565655449772799
"MI_214_H",135,176.625,172.436599618158,3.52013869869083,0.946064773792659,0.717623141962181
"MI_364_H",194,241,233.11826409968,3.88564200806988,0.954309654820531,0.737613255851366
"MI_212_H",216,326.035714285714,323.124621889022,3.76266525339003,0.943451529941238,0.699994487357372
"MI_361_H",163,183.8125,191.554555225269,3.51549128512336,0.923077598097225,0.690157771098898
"MI_363_H",115,170.714285714286,157.660270995123,2.0664266604926,0.675520560926769,0.435501837453134
"MI_359_H",84,109,106.786003872874,1.34595249749846,0.397539237514343,0.303770739934412
"MI_360_H",96,139.5,127.037094491562,2.75957251926955,0.883846070269488,0.604592902098932
"MI_357_H",127,155.333333333333,156.884405646549,2.93761176786409,0.899793104561211,0.606419965916649
"MI_358_H",123,154,152.981812051847,3.27803178033638,0.920430145589809,0.681194139346869
"MI_221_H",139,157.454545454545,157.739279360393,3.51008372564219,0.944894689024353,0.711338994431613
"MI_220_H",163,265.142857142857,251.721757833595,3.02879067372153,0.875709913274364,0.594609188578156
"MI_086_H",109,154,158.196154002191,2.82527397638382,0.828593290239847,0.60223075485107
"MI_051_H",133,219.25,183.928112908713,3.09089540142673,0.88869135455792,0.632039823821465
