sample_id,file,found_taxa,total_taxa,found_fraction,found_abundance_fraction
CON_041,CON_041.pickle,41.0,47.0,0.8723404255319149,0.9686588515299017
CON_049,CON_049.pickle,35.0,38.0,0.9210526315789473,0.9894185926386184
CON_050,CON_050.pickle,26.0,26.0,1.0,0.9998611994447979
CON_051,CON_051.pickle,38.0,42.0,0.9047619047619048,0.9885793162395557
CON_053,CON_053.pickle,43.0,48.0,0.8958333333333334,0.9740192351796211
CON_055,CON_055.pickle,38.0,43.0,0.8837209302325582,0.9927343771407497
CON_079,CON_079.pickle,29.0,30.0,0.9666666666666667,0.9997152937649336
CON_080,CON_080.pickle,20.0,23.0,0.8695652173913043,0.9420721115855777
CON_083,CON_083.pickle,37.0,41.0,0.9024390243902439,0.955737970352634
CON_088,CON_088.pickle,29.0,32.0,0.90625,0.9976621990648795
CON_096,CON_096.pickle,40.0,44.0,0.9090909090909091,0.9805081104726846
CON_098,CON_098.pickle,50.0,57.0,0.8771929824561403,0.9493480628940506
CRC_MR_SBJ34H_17,CRC_MR_SBJ34H_17.pickle,35.0,41.0,0.8536585365853658,0.9683709611118406
CRC_MR_SBJ60H_17,CRC_MR_SBJ60H_17.pickle,42.0,50.0,0.84,0.9667691504350685
CRC_MR_SBJ73H_17,CRC_MR_SBJ73H_17.pickle,43.0,50.0,0.86,0.8832066902144029
CRC_MR_SBJ75H_17,CRC_MR_SBJ75H_17.pickle,42.0,48.0,0.875,0.9601519721867885
CRC_MR_SBJ77H_17,CRC_MR_SBJ77H_17.pickle,43.0,52.0,0.8269230769230769,0.9172481296468681
CRC_MR_SBJ81H_17,CRC_MR_SBJ81H_17.pickle,34.0,38.0,0.8947368421052632,0.9815248695368232
H1F413846,H1F413846.pickle,27.0,34.0,0.7941176470588235,0.9269807853961571
H1F512951,H1F512951.pickle,26.0,29.0,0.896551724137931,0.9761995000000001
H1F513817,H1F513817.pickle,26.0,30.0,0.8666666666666667,0.9605514960551496
H1F513818,H1F513818.pickle,25.0,29.0,0.8620689655172413,0.9792080236756198
H1F613739,H1F613739.pickle,32.0,36.0,0.8888888888888888,0.9578546210726894
H1M213648,H1M213648.pickle,24.0,26.0,0.9230769230769231,0.9902008980401795
H1M313811,H1M313811.pickle,28.0,33.0,0.8484848484848485,0.9956279714623614
H1M412743,H1M412743.pickle,15.0,17.0,0.8823529411764706,0.9775441371235838
H1M412809,H1M412809.pickle,25.0,28.0,0.8928571428571429,0.9918646991864699
H1M412832,H1M412832.pickle,37.0,43.0,0.8604651162790697,0.9394464302767848
H1M412835,H1M412835.pickle,31.0,34.0,0.9117647058823529,0.9845068348992623
H1M412837,H1M412837.pickle,34.0,42.0,0.8095238095238095,0.9657652723844757
H1M412844,H1M412844.pickle,24.0,26.0,0.9230769230769231,0.9976347813147723
H1M412949,H1M412949.pickle,24.0,27.0,0.8888888888888888,0.8349103
H1M413802,H1M413802.pickle,33.0,38.0,0.868421052631579,0.9936335527456438
H1M413815,H1M413815.pickle,35.0,40.0,0.875,0.9881546999427666
H1M413822,H1M413822.pickle,29.0,32.0,0.90625,0.9758513002972894
H1M413827,H1M413827.pickle,26.0,28.0,0.9285714285714286,0.9898831467027384
H1M414905,H1M414905.pickle,31.0,34.0,0.9117647058823529,0.9027712805542559
H1M511833,H1M511833.pickle,20.0,23.0,0.8695652173913043,0.9934911699874764
H1M511841,H1M511841.pickle,32.0,36.0,0.8888888888888888,0.9879955531826575
H1M511842,H1M511842.pickle,26.0,29.0,0.896551724137931,0.870775174155035
H1M512808,H1M512808.pickle,21.0,23.0,0.9130434782608695,0.9974858060258747
H1M512821,H1M512821.pickle,38.0,44.0,0.8636363636363636,0.9605370831994544
H1M512831,H1M512831.pickle,33.0,37.0,0.8918918918918919,0.9926853627952248
H1M512834,H1M512834.pickle,15.0,17.0,0.8823529411764706,0.9980764786489131
H1M512836,H1M512836.pickle,22.0,26.0,0.8461538461538461,0.9960096912213205
H1M512840,H1M512840.pickle,35.0,43.0,0.813953488372093,0.9541349993114759
H1M512853,H1M512853.pickle,15.0,17.0,0.8823529411764706,0.9976571002342902
H1M512854,H1M512854.pickle,27.0,31.0,0.8709677419354839,0.9569630335157507
H1M512855,H1M512855.pickle,24.0,26.0,0.9230769230769231,0.9690985999999999
H1M513606,H1M513606.pickle,27.0,28.0,0.9642857142857143,0.9953119911700082
H1M513729,H1M513729.pickle,27.0,33.0,0.8181818181818182,0.9885099965529989
H1M513730,H1M513730.pickle,28.0,33.0,0.8484848484848485,0.9652235268177055
H1M513738,H1M513738.pickle,36.0,40.0,0.9,0.9908998108181462
H1M513747,H1M513747.pickle,31.0,35.0,0.8857142857142857,0.991064931511343
H1M513803,H1M513803.pickle,26.0,28.0,0.9285714285714286,0.9937304714252417
H1M513804,H1M513804.pickle,29.0,35.0,0.8285714285714286,0.9657960292292569
H1M513807,H1M513807.pickle,32.0,35.0,0.9142857142857143,0.99294679929468
H1M513810,H1M513810.pickle,23.0,27.0,0.8518518518518519,0.9906253971876191
H1M513813,H1M513813.pickle,26.0,31.0,0.8387096774193549,0.9961186573052304
H1M513816,H1M513816.pickle,42.0,47.0,0.8936170212765957,0.9379062000000001
H1M513819,H1M513819.pickle,39.0,42.0,0.9285714285714286,0.9885871396285557
H1M513820,H1M513820.pickle,24.0,27.0,0.8888888888888888,0.9521951047804894
H1M513823,H1M513823.pickle,18.0,20.0,0.9,0.9993924968958634
H1M513826,H1M513826.pickle,26.0,29.0,0.896551724137931,0.9905498342785864
H1M513828,H1M513828.pickle,15.0,18.0,0.8333333333333334,0.99786189978619
H1M513852,H1M513852.pickle,21.0,23.0,0.9130434782608695,0.9981879968744496
H1M513912,H1M513912.pickle,34.0,39.0,0.8717948717948718,0.9691709155231294
H1M514901,H1M514901.pickle,24.0,28.0,0.8571428571428571,0.9632318926463785
H1M5XX814,H1M5XX814.pickle,31.0,37.0,0.8378378378378378,0.9874163050334781
H1M612950,H1M612950.pickle,11.0,11.0,1.0,1.0000000000000002
H1M613745,H1M613745.pickle,19.0,23.0,0.8260869565217391,0.9899355758453819
H1M613824,H1M613824.pickle,28.0,34.0,0.8235294117647058,0.9618663735996387
H1M613825,H1M613825.pickle,32.0,37.0,0.8648648648648649,0.9592055609127282
H2F413935,H2F413935.pickle,31.0,36.0,0.8611111111111112,0.9801012179089039
H2F514910,H2F514910.pickle,28.0,33.0,0.8484848484848485,0.9096208568438119
H2F514923,H2F514923.pickle,25.0,27.0,0.9259259259259259,0.9841232475360953
H2M411920,H2M411920.pickle,31.0,34.0,0.9117647058823529,0.954709593634998
H2M413913,H2M413913.pickle,36.0,41.0,0.8780487804878049,0.9393718267353898
H2M413915,H2M413915.pickle,26.0,29.0,0.896551724137931,0.7698169673464496
H2M413924,H2M413924.pickle,20.0,24.0,0.8333333333333334,0.9797535060739483
H2M414102,H2M414102.pickle,19.0,20.0,0.95,0.9949649417224657
H2M414926,H2M414926.pickle,19.0,21.0,0.9047619047619048,0.9717811848298292
H2M414927,H2M414927.pickle,27.0,29.0,0.9310344827586207,0.9842902720099563
H2M414931,H2M414931.pickle,25.0,27.0,0.9259259259259259,0.9702577118969152
H2M414940,H2M414940.pickle,21.0,25.0,0.84,0.9985259898293297
H2M415914,H2M415914.pickle,28.0,33.0,0.8484848484848485,0.9942162026788219
H2M511919,H2M511919.pickle,24.0,27.0,0.8888888888888888,0.9931231
H2M513933,H2M513933.pickle,37.0,43.0,0.8604651162790697,0.9287316816936355
H2M513934,H2M513934.pickle,26.0,30.0,0.8666666666666667,0.9808329980832997
H2M513936,H2M513936.pickle,26.0,30.0,0.8666666666666667,0.9901125383921806
H2M513937,H2M513937.pickle,37.0,42.0,0.8809523809523809,0.9909917981983597
H2M513938,H2M513938.pickle,36.0,42.0,0.8571428571428571,0.9115280727131693
H2M513939,H2M513939.pickle,23.0,24.0,0.9583333333333334,0.9992426
H2M514107,H2M514107.pickle,30.0,35.0,0.8571428571428571,0.9288989852533305
H2M514108,H2M514108.pickle,26.0,28.0,0.9285714285714286,0.996305278674821
H2M514818,H2M514818.pickle,18.0,19.0,0.9473684210526315,0.9995305000469498
H2M514841,H2M514841.pickle,36.0,42.0,0.8571428571428571,0.9260768221769534
H2M514901,H2M514901.pickle,36.0,42.0,0.8571428571428571,0.9723951657114078
H2M514903,H2M514903.pickle,33.0,38.0,0.868421052631579,0.9346525261389895
H2M514905,H2M514905.pickle,13.0,13.0,1.0,0.9998244926637934
H2M514906,H2M514906.pickle,23.0,26.0,0.8846153846153846,0.9752842925852876
H2M514909,H2M514909.pickle,30.0,35.0,0.8571428571428571,0.9614202300052012
H2M514911,H2M514911.pickle,29.0,33.0,0.8787878787878788,0.4250164694520071
H2M514917,H2M514917.pickle,36.0,38.0,0.9473684210526315,0.9303978860795773
H2M514925,H2M514925.pickle,23.0,26.0,0.8846153846153846,0.9429990057000995
H2M514930,H2M514930.pickle,16.0,19.0,0.8421052631578947,0.9966145
H2M514943,H2M514943.pickle,20.0,24.0,0.8333333333333334,0.99640060035994
H2M515822,H2M515822.pickle,31.0,33.0,0.9393939393939394,0.9804686980468698
H2M515921,H2M515921.pickle,33.0,40.0,0.825,0.9491018748629778
H2M614742,H2M614742.pickle,24.0,29.0,0.8275862068965517,0.9822064035587195
H2M614832,H2M614832.pickle,28.0,32.0,0.875,0.9688066130208399
H2M614904,H2M614904.pickle,40.0,46.0,0.8695652173913043,0.8652283660132417
H2M614929,H2M614929.pickle,37.0,42.0,0.8809523809523809,0.8272472518258243
H2M615912,H2M615912.pickle,22.0,25.0,0.88,0.9220533116239331
H2MX14816,H2MX14816.pickle,22.0,23.0,0.9565217391304348,0.9995359998607998
H2MX14928,H2MX14928.pickle,20.0,23.0,0.8695652173913043,0.9983434937052761
H3F416103,H3F416103.pickle,36.0,40.0,0.9,0.9784597913839165
H3F516111,H3F516111.pickle,29.0,34.0,0.8529411764705882,0.9647745000000001
H3M414933,H3M414933.pickle,28.0,32.0,0.875,0.9912020492584039
H3M415117,H3M415117.pickle,24.0,27.0,0.8888888888888888,0.9781395021860497
H3M415131,H3M415131.pickle,32.0,37.0,0.8648648648648649,0.9525817106441219
H3M415140,H3M415140.pickle,36.0,39.0,0.9230769230769231,0.935591233966943
H3M415852,H3M415852.pickle,18.0,21.0,0.8571428571428571,0.9726313184984422
H3M415906,H3M415906.pickle,21.0,24.0,0.875,0.9984137868344307
H3M416124,H3M416124.pickle,28.0,34.0,0.8235294117647058,0.9875975640226234
H3M416127,H3M416127.pickle,15.0,17.0,0.8823529411764706,0.9987371283951801
H3M419939,H3M419939.pickle,36.0,41.0,0.8780487804878049,0.9737026316968428
H3M420126,H3M420126.pickle,26.0,31.0,0.8387096774193549,0.9918060637256412
H3M513141,H3M513141.pickle,22.0,24.0,0.9166666666666666,0.9981614996322998
H3M514142,H3M514142.pickle,12.0,12.0,1.0,0.9997104999710499
H3M514143,H3M514143.pickle,25.0,30.0,0.8333333333333334,0.9919856000000001
H3M514144,H3M514144.pickle,25.0,28.0,0.8928571428571429,0.9957435004256501
H3M515101,H3M515101.pickle,39.0,44.0,0.8863636363636364,0.9852591702806982
H3M515107,H3M515107.pickle,23.0,27.0,0.8518518518518519,0.9858285260996389
H3M515123,H3M515123.pickle,34.0,39.0,0.8717948717948718,0.9276491525376265
H3M515128,H3M515128.pickle,34.0,38.0,0.8947368421052632,0.9975469995094
H3M515130,H3M515130.pickle,26.0,29.0,0.896551724137931,0.9918527404623081
H3M515137,H3M515137.pickle,34.0,38.0,0.8947368421052632,0.9661927898578371
H3M515138,H3M515138.pickle,26.0,31.0,0.8387096774193549,0.9946770120263505
H3M515902,H3M515902.pickle,25.0,30.0,0.8333333333333334,0.9915015328949993
H3M515910,H3M515910.pickle,22.0,23.0,0.9565217391304348,0.9972062731339567
H3M515915,H3M515915.pickle,28.0,31.0,0.9032258064516129,0.9870359344133505
H3M515920,H3M515920.pickle,18.0,20.0,0.9,0.9987363005054799
H3M515935,H3M515935.pickle,32.0,35.0,0.9142857142857143,0.9598756040124397
H3M515936,H3M515936.pickle,27.0,32.0,0.84375,0.9958083012575097
H3M515950,H3M515950.pickle,28.0,31.0,0.9032258064516129,0.9934937990225247
H3M516105,H3M516105.pickle,29.0,35.0,0.8285714285714286,0.995011177722081
H3M516113,H3M516113.pickle,27.0,31.0,0.8709677419354839,0.8045865184434635
H3M516114,H3M516114.pickle,33.0,38.0,0.868421052631579,0.9579849256807105
H3M516118,H3M516118.pickle,36.0,41.0,0.8780487804878049,0.9249987075001291
H3M516129,H3M516129.pickle,33.0,38.0,0.868421052631579,0.956682656461377
H3M516154,H3M516154.pickle,29.0,33.0,0.8787878787878788,0.9436993168902048
H3M516751,H3M516751.pickle,29.0,32.0,0.90625,0.9810670037865992
H3M516804,H3M516804.pickle,31.0,36.0,0.8611111111111112,0.9817205981720597
H3M516845,H3M516845.pickle,27.0,32.0,0.84375,0.9921049922480559
H3M516909,H3M516909.pickle,47.0,53.0,0.8867924528301887,0.9871509569731475
H3M517134,H3M517134.pickle,30.0,33.0,0.9090909090909091,0.9581893790946895
H3M517921,H3M517921.pickle,25.0,29.0,0.8620689655172413,0.9825245551892972
H3M517922,H3M517922.pickle,18.0,20.0,0.9,0.9917675008232499
H3M517925,H3M517925.pickle,41.0,46.0,0.8913043478260869,0.9831163543734436
H3M518108,H3M518108.pickle,35.0,40.0,0.875,0.9827434112735705
H3M518112,H3M518112.pickle,37.0,44.0,0.8409090909090909,0.9754324999999999
H3M518116,H3M518116.pickle,26.0,30.0,0.8666666666666667,0.9663260000000001
H3M615132,H3M615132.pickle,32.0,38.0,0.8421052631578947,0.9617159153136338
H3M615747,H3M615747.pickle,23.0,25.0,0.92,0.9939723334586097
H3M615846,H3M615846.pickle,27.0,31.0,0.8709677419354839,0.9683699391857691
H3M616753,H3M616753.pickle,20.0,24.0,0.8333333333333334,0.9870758390990039
H3M616848,H3M616848.pickle,37.0,42.0,0.8809523809523809,0.9838477217484385
H3M617849,H3M617849.pickle,32.0,37.0,0.8648648648648649,0.9559769088046184
H3MX16919,H3MX16919.pickle,29.0,33.0,0.8787878787878788,0.9586013165594734
HD_13,HD_13.pickle,25.0,27.0,0.9259259259259259,0.9821533
HD_15,HD_15.pickle,33.0,37.0,0.8918918918918919,0.9703593948871486
HD_19,HD_19.pickle,29.0,32.0,0.90625,0.9932691067072402
HD_47,HD_47.pickle,33.0,37.0,0.8918918918918919,0.9731645481503057
HD_62,HD_62.pickle,39.0,43.0,0.9069767441860465,0.9939600357129713
HD_82,HD_82.pickle,37.0,41.0,0.9024390243902439,0.9877394061302971
HV_12,HV_12.pickle,31.0,37.0,0.8378378378378378,0.9869259260481535
HV_18,HV_18.pickle,31.0,33.0,0.9393939393939394,0.9756988951397793
HV_2,HV_2.pickle,25.0,28.0,0.8928571428571429,0.99154229915423
LILT_VF06_16,LILT_VF06_16.pickle,37.0,42.0,0.8809523809523809,0.9836319593505717
LILT_VF10_T016,LILT_VF10_T016.pickle,28.0,34.0,0.8235294117647058,0.9680157714481334
LILT_VF279_T016,LILT_VF279_T016.pickle,24.0,26.0,0.9230769230769231,0.9991624501286251
LILT_VF43_16,LILT_VF43_16.pickle,23.0,26.0,0.8846153846153846,0.99609259921852
LILT_VF84_16,LILT_VF84_16.pickle,33.0,39.0,0.8461538461538461,0.8624161587248477
MI_001_H,MI_001_H.pickle,56.0,68.0,0.8235294117647058,0.7485714285726078
MI_002_H,MI_002_H.pickle,48.0,65.0,0.7384615384615385,0.8142228607344886
MI_003_H,MI_003_H.pickle,33.0,39.0,0.8461538461538461,0.8793987134945478
MI_004_H,MI_004_H.pickle,58.0,74.0,0.7837837837837838,0.8402322995176387
MI_005_H,MI_005_H.pickle,37.0,46.0,0.8043478260869565,0.9259328708044251
MI_006_H,MI_006_H.pickle,45.0,59.0,0.7627118644067796,0.8065756434400502
MI_007_H,MI_007_H.pickle,38.0,50.0,0.76,0.7506564961860697
MI_008_H1,MI_008_H1.pickle,50.0,62.0,0.8064516129032258,0.80076894571058
MI_008_H2,MI_008_H2.pickle,46.0,59.0,0.7796610169491526,0.7768849059398606
MI_009_H,MI_009_H.pickle,44.0,54.0,0.8148148148148148,0.8820303995484418
MI_010_H,MI_010_H.pickle,54.0,72.0,0.75,0.843134040896611
MI_011_H,MI_011_H.pickle,53.0,70.0,0.7571428571428571,0.9174546383848707
MI_012_H,MI_012_H.pickle,39.0,48.0,0.8125,0.9748094441345977
MI_013_H,MI_013_H.pickle,58.0,80.0,0.725,0.7084008000762091
MI_014_H,MI_014_H.pickle,54.0,71.0,0.7605633802816901,0.8595701930636848
MI_015_H,MI_015_H.pickle,41.0,57.0,0.7192982456140351,0.7870464239943381
MI_016_H,MI_016_H.pickle,44.0,53.0,0.8301886792452831,0.9361526526030834
MI_017_H,MI_017_H.pickle,51.0,67.0,0.7611940298507462,0.914811728762282
MI_018_H,MI_018_H.pickle,54.0,77.0,0.7012987012987013,0.8939017608897126
MI_019_H,MI_019_H.pickle,53.0,68.0,0.7794117647058824,0.8202673178254724
MI_020_H,MI_020_H.pickle,54.0,66.0,0.8181818181818182,0.8110691031295946
MI_021_H,MI_021_H.pickle,52.0,70.0,0.7428571428571429,0.7000578871201156
MI_022_H,MI_022_H.pickle,28.0,35.0,0.8,0.9505309063329541
MI_023_H,MI_023_H.pickle,48.0,61.0,0.7868852459016393,0.9842911115529925
MI_024_H,MI_024_H.pickle,53.0,66.0,0.803030303030303,0.7233903617604807
MI_025_H,MI_025_H.pickle,38.0,50.0,0.76,0.8733255299778907
MI_026_H,MI_026_H.pickle,48.0,63.0,0.7619047619047619,0.9516663286689651
MI_027_H,MI_027_H.pickle,42.0,56.0,0.75,0.9450438831042186
MI_028_H,MI_028_H.pickle,55.0,71.0,0.7746478873239436,0.802457424221891
MI_029_H,MI_029_H.pickle,59.0,78.0,0.7564102564102564,0.8575186172029786
MI_030_H,MI_030_H.pickle,43.0,56.0,0.7678571428571429,0.8743439997846973
MI_031_H,MI_031_H.pickle,48.0,71.0,0.676056338028169,0.7793720965083173
MI_032_H,MI_032_H.pickle,36.0,48.0,0.75,0.9362673419166162
MI_033_H,MI_033_H.pickle,49.0,62.0,0.7903225806451613,0.9323779045498817
MI_034_H,MI_034_H.pickle,54.0,70.0,0.7714285714285715,0.6724701618921135
MI_035_H,MI_035_H.pickle,59.0,77.0,0.7662337662337663,0.8190738735190838
MI_036_H,MI_036_H.pickle,56.0,69.0,0.8115942028985508,0.844521675507591
MI_037_H,MI_037_H.pickle,61.0,84.0,0.7261904761904762,0.679267051238548
MI_038_H,MI_038_H.pickle,58.0,78.0,0.7435897435897436,0.7232862903225808
MI_039_H,MI_039_H.pickle,48.0,62.0,0.7741935483870968,0.855394797598892
MI_040_H,MI_040_H.pickle,59.0,77.0,0.7662337662337663,0.8455141129032258
MI_041_H,MI_041_H.pickle,58.0,74.0,0.7837837837837838,0.5585960350991224
MI_042_H,MI_042_H.pickle,55.0,70.0,0.7857142857142857,0.8862910076453216
MI_043_H,MI_043_H.pickle,50.0,70.0,0.7142857142857143,0.6390878198110796
MI_044_H,MI_044_H.pickle,52.0,67.0,0.7761194029850746,0.717313074770092
MI_045_H,MI_045_H.pickle,48.0,63.0,0.7619047619047619,0.7958574360888224
MI_046_H,MI_046_H.pickle,48.0,65.0,0.7384615384615385,0.8003682487725043
MI_047_H,MI_047_H.pickle,45.0,65.0,0.6923076923076923,0.8394661999562459
MI_048_H,MI_048_H.pickle,43.0,53.0,0.8113207547169812,0.9634113042686814
MI_049_H,MI_049_H.pickle,41.0,50.0,0.82,0.8161416971535645
MI_050_H,MI_050_H.pickle,62.0,78.0,0.7948717948717948,0.9566264124568011
MI_051_H,MI_051_H.pickle,46.0,58.0,0.7931034482758621,0.8897323927891614
MI_052_H,MI_052_H.pickle,58.0,77.0,0.7532467532467533,0.8138218008665435
MI_053_H,MI_053_H.pickle,44.0,55.0,0.8,0.85935441370224
MI_054_H,MI_054_H.pickle,45.0,54.0,0.8333333333333334,0.9267597325992921
MI_055_H,MI_055_H.pickle,53.0,71.0,0.7464788732394366,0.7801817688551271
MI_056_H,MI_056_H.pickle,52.0,66.0,0.7878787878787878,0.7961222417135999
MI_057_H,MI_057_H.pickle,48.0,61.0,0.7868852459016393,0.8654133356760082
MI_058_H,MI_058_H.pickle,51.0,68.0,0.75,0.80583193020052
MI_059_H,MI_059_H.pickle,41.0,53.0,0.7735849056603774,0.7675178753830435
MI_060_H,MI_060_H.pickle,42.0,55.0,0.7636363636363637,0.9355229222590661
MI_061_H,MI_061_H.pickle,49.0,67.0,0.7313432835820896,0.8651786135623615
MI_062_H,MI_062_H.pickle,53.0,69.0,0.7681159420289855,0.8333930063247538
MI_063_H,MI_063_H.pickle,42.0,48.0,0.875,0.9169539450745737
MI_064_H,MI_064_H.pickle,56.0,69.0,0.8115942028985508,0.8774824974996426
MI_065_H,MI_065_H.pickle,53.0,67.0,0.7910447761194029,0.8587882760593144
MI_066_H,MI_066_H.pickle,55.0,70.0,0.7857142857142857,0.8132967322227656
MI_067_H,MI_067_H.pickle,51.0,72.0,0.7083333333333334,0.668914123493312
MI_068_H,MI_068_H.pickle,42.0,52.0,0.8076923076923077,0.8292694565061794
MI_069_H,MI_069_H.pickle,42.0,57.0,0.7368421052631579,0.8993638207634149
MI_070_H,MI_070_H.pickle,50.0,64.0,0.78125,0.8949257749691509
MI_071_H,MI_071_H.pickle,48.0,63.0,0.7619047619047619,0.6865213711383832
MI_072_H,MI_072_H.pickle,60.0,85.0,0.7058823529411765,0.7955552429847387
MI_073_H,MI_073_H.pickle,40.0,46.0,0.8695652173913043,0.9533690747097621
MI_074_H,MI_074_H.pickle,47.0,64.0,0.734375,0.7911553600365613
MI_075_H,MI_075_H.pickle,46.0,63.0,0.7301587301587301,0.8284882286165539
MI_076_H,MI_076_H.pickle,48.0,65.0,0.7384615384615385,0.7545163031392748
MI_077_H,MI_077_H.pickle,64.0,84.0,0.7619047619047619,0.8279750045281652
MI_078_H,MI_078_H.pickle,52.0,66.0,0.7878787878787878,0.9412401070432159
MI_079_H,MI_079_H.pickle,39.0,51.0,0.7647058823529411,0.8157169117647056
MI_080_H,MI_080_H.pickle,58.0,77.0,0.7532467532467533,0.8032453070314983
MI_081_H,MI_081_H.pickle,65.0,93.0,0.6989247311827957,0.7378461310954193
MI_082_H,MI_082_H.pickle,42.0,55.0,0.7636363636363637,0.8851674641148324
MI_083_H,MI_083_H.pickle,62.0,75.0,0.8266666666666667,0.9571906585256479
MI_084_H,MI_084_H.pickle,54.0,67.0,0.8059701492537313,0.8244212331436589
MI_085_H,MI_085_H.pickle,62.0,75.0,0.8266666666666667,0.9330911816425959
MI_086_H,MI_086_H.pickle,50.0,63.0,0.7936507936507936,0.9159062728515562
MI_087_H,MI_087_H.pickle,55.0,70.0,0.7857142857142857,0.7740981464286941
MI_088_H,MI_088_H.pickle,49.0,62.0,0.7903225806451613,0.8065081839438814
MI_089_H,MI_089_H.pickle,47.0,60.0,0.7833333333333333,0.7481734281868875
MI_090_H,MI_090_H.pickle,56.0,75.0,0.7466666666666667,0.6723750147969855
MI_091_H,MI_091_H.pickle,51.0,69.0,0.7391304347826086,0.7920477702478558
MI_092_H,MI_092_H.pickle,39.0,54.0,0.7222222222222222,0.7680647742785858
MI_093_H1,MI_093_H1.pickle,63.0,80.0,0.7875,0.7687607998025178
MI_093_H12,MI_093_H12.pickle,64.0,82.0,0.7804878048780488,0.7769516728624533
MI_094_H,MI_094_H.pickle,42.0,52.0,0.8076923076923077,0.9543661330703286
MI_095_H,MI_095_H.pickle,49.0,59.0,0.8305084745762712,0.7663345840341569
MI_096_H,MI_096_H.pickle,48.0,65.0,0.7384615384615385,0.7469266306475613
MI_097_H,MI_097_H.pickle,54.0,69.0,0.782608695652174,0.8962780269055322
MI_098_H,MI_098_H.pickle,50.0,67.0,0.746268656716418,0.6085966170329437
MI_099_H,MI_099_H.pickle,49.0,60.0,0.8166666666666667,0.975440174340171
MI_100_H,MI_100_H.pickle,52.0,69.0,0.7536231884057971,0.7845492408974876
MI_101_H,MI_101_H.pickle,51.0,66.0,0.7727272727272727,0.6885572139334262
MI_102_H,MI_102_H.pickle,53.0,73.0,0.726027397260274,0.8047884953721409
MI_103_H,MI_103_H.pickle,53.0,69.0,0.7681159420289855,0.5587339504329649
MI_104_H,MI_104_H.pickle,51.0,70.0,0.7285714285714285,0.7548318771511782
MI_105_H,MI_105_H.pickle,50.0,63.0,0.7936507936507936,0.667374508652239
MI_106_H,MI_106_H.pickle,58.0,76.0,0.7631578947368421,0.7332732516221238
MI_107_H,MI_107_H.pickle,52.0,62.0,0.8387096774193549,0.8428464063921524
MI_108_H,MI_108_H.pickle,52.0,75.0,0.6933333333333334,0.760736439485523
MI_109_H,MI_109_H.pickle,40.0,50.0,0.8,0.8930392984258613
MI_110_H,MI_110_H.pickle,53.0,68.0,0.7794117647058824,0.9277482269503546
MI_111_H,MI_111_H.pickle,60.0,85.0,0.7058823529411765,0.5389678719355202
MI_112_H,MI_112_H.pickle,45.0,59.0,0.7627118644067796,0.8776239775782188
MI_113_H,MI_113_H.pickle,37.0,46.0,0.8043478260869565,0.9318284134030832
MI_114_H,MI_114_H.pickle,56.0,74.0,0.7567567567567568,0.7658788774002956
MI_115_H,MI_115_H.pickle,52.0,67.0,0.7761194029850746,0.8481135599558599
MI_116_H,MI_116_H.pickle,57.0,74.0,0.7702702702702703,0.7114124638122808
MI_117_H,MI_117_H.pickle,60.0,75.0,0.8,0.7994301994301996
MI_118_H,MI_118_H.pickle,53.0,73.0,0.726027397260274,0.7802942635146305
MI_119_H,MI_119_H.pickle,54.0,67.0,0.8059701492537313,0.7971464621954769
MI_120_H,MI_120_H.pickle,49.0,66.0,0.7424242424242424,0.7497187851518562
MI_122_H,MI_122_H.pickle,52.0,74.0,0.7027027027027027,0.8111144086659742
MI_123_H,MI_123_H.pickle,53.0,64.0,0.828125,0.8939414158937745
MI_124_H,MI_124_H.pickle,52.0,72.0,0.7222222222222222,0.7558814085411536
MI_125_H,MI_125_H.pickle,54.0,74.0,0.7297297297297297,0.7526472454008689
MI_126_H,MI_126_H.pickle,49.0,64.0,0.765625,0.8141696457588561
MI_127_H,MI_127_H.pickle,54.0,69.0,0.782608695652174,0.8332628388142818
MI_128_H,MI_128_H.pickle,54.0,70.0,0.7714285714285715,0.6987943262411347
MI_129_H,MI_129_H.pickle,51.0,64.0,0.796875,0.8270222669518177
MI_130_H1,MI_130_H1.pickle,46.0,59.0,0.7796610169491526,0.7189911537749318
MI_130_H2,MI_130_H2.pickle,46.0,63.0,0.7301587301587301,0.7095135221635464
MI_131_H,MI_131_H.pickle,35.0,42.0,0.8333333333333334,0.8061396841482984
MI_132_H,MI_132_H.pickle,53.0,77.0,0.6883116883116883,0.7881234877415971
MI_133_H,MI_133_H.pickle,50.0,65.0,0.7692307692307693,0.764895825324825
MI_134_H,MI_134_H.pickle,56.0,72.0,0.7777777777777778,0.9327911068047785
MI_135_H,MI_135_H.pickle,51.0,66.0,0.7727272727272727,0.7235121096439072
MI_136_H,MI_136_H.pickle,46.0,63.0,0.7301587301587301,0.7597930225977283
MI_137_H,MI_137_H.pickle,42.0,50.0,0.84,0.9714307686392124
MI_138_H,MI_138_H.pickle,59.0,72.0,0.8194444444444444,0.7207390947003137
MI_139_H,MI_139_H.pickle,48.0,58.0,0.8275862068965517,0.8865965948575402
MI_140_H,MI_140_H.pickle,45.0,59.0,0.7627118644067796,0.8444377319409683
MI_141_H,MI_141_H.pickle,57.0,75.0,0.76,0.645539906103286
MI_142_H,MI_142_H.pickle,53.0,66.0,0.803030303030303,0.9127046263345198
MI_143_H,MI_143_H.pickle,47.0,59.0,0.7966101694915254,0.8676690232002389
MI_144_H,MI_144_H.pickle,55.0,72.0,0.7638888888888888,0.8194230084293006
MI_145_H,MI_145_H.pickle,50.0,68.0,0.7352941176470589,0.7680566782368884
MI_146_H,MI_146_H.pickle,46.0,59.0,0.7796610169491526,0.8564469914061504
MI_147_H,MI_147_H.pickle,53.0,72.0,0.7361111111111112,0.8093772199857923
MI_148_H,MI_148_H.pickle,40.0,52.0,0.7692307692307693,0.8437052156164502
MI_149_H,MI_149_H.pickle,51.0,69.0,0.7391304347826086,0.7015371832156213
MI_150_H,MI_150_H.pickle,49.0,67.0,0.7313432835820896,0.7117826792705046
MI_151_H,MI_151_H.pickle,52.0,64.0,0.8125,0.9200937405503479
MI_152_H,MI_152_H.pickle,48.0,63.0,0.7619047619047619,0.791435704312051
MI_153_H,MI_153_H.pickle,46.0,61.0,0.7540983606557377,0.6403435733380074
MI_154_H,MI_154_H.pickle,46.0,61.0,0.7540983606557377,0.836283185843981
MI_155_H,MI_155_H.pickle,45.0,55.0,0.8181818181818182,0.9665306769121084
MI_156_H,MI_156_H.pickle,45.0,52.0,0.8653846153846154,0.9384112276876959
MI_157_H,MI_157_H.pickle,51.0,64.0,0.796875,0.8848385873844448
MI_158_H,MI_158_H.pickle,54.0,69.0,0.782608695652174,0.6106541323932626
MI_159_H,MI_159_H.pickle,52.0,68.0,0.7647058823529411,0.8177280709854423
MI_160_H,MI_160_H.pickle,53.0,68.0,0.7794117647058824,0.6799232158988254
MI_161_H,MI_161_H.pickle,58.0,69.0,0.8405797101449275,0.9566386828592386
MI_162_H,MI_162_H.pickle,52.0,64.0,0.8125,0.8648767012532004
MI_163_H,MI_163_H.pickle,47.0,66.0,0.7121212121212122,0.9057614725163892
MI_164_H,MI_164_H.pickle,61.0,81.0,0.7530864197530864,0.8202581542725162
MI_165_H,MI_165_H.pickle,50.0,62.0,0.8064516129032258,0.8991909592911261
MI_166_H,MI_166_H.pickle,49.0,60.0,0.8166666666666667,0.9329097438730811
MI_167_H,MI_167_H.pickle,47.0,57.0,0.8245614035087719,0.8305288461538463
MI_168_H,MI_168_H.pickle,46.0,59.0,0.7796610169491526,0.5375525210084036
MI_169_H,MI_169_H.pickle,53.0,68.0,0.7794117647058824,0.9243253099927062
MI_170_H,MI_170_H.pickle,51.0,67.0,0.7611940298507462,0.7660393659379461
MI_171_H,MI_171_H.pickle,40.0,52.0,0.7692307692307693,0.9177631067961163
MI_172_H,MI_172_H.pickle,57.0,78.0,0.7307692307692307,0.845613487355604
MI_173_H,MI_173_H.pickle,48.0,63.0,0.7619047619047619,0.8914010027433544
MI_174_H,MI_174_H.pickle,59.0,76.0,0.7763157894736842,0.7993133583021221
MI_175_H,MI_175_H.pickle,55.0,74.0,0.7432432432432432,0.6680739632321505
MI_176_H,MI_176_H.pickle,46.0,56.0,0.8214285714285714,0.8181878747501664
MI_177_H,MI_177_H.pickle,52.0,74.0,0.7027027027027027,0.6743185901601737
MI_178_H,MI_178_H.pickle,50.0,65.0,0.7692307692307693,0.8458617547154179
MI_179_H,MI_179_H.pickle,47.0,55.0,0.8545454545454545,0.944868589960138
MI_180_H,MI_180_H.pickle,54.0,71.0,0.7605633802816901,0.8423095075777441
MI_181_H,MI_181_H.pickle,56.0,74.0,0.7567567567567568,0.8045416597094673
MI_182_H,MI_182_H.pickle,51.0,65.0,0.7846153846153846,0.851441732736856
MI_183_H,MI_183_H.pickle,51.0,62.0,0.8225806451612904,0.7162304072187
MI_184_H,MI_184_H.pickle,58.0,75.0,0.7733333333333333,0.739867175606204
MI_185_H,MI_185_H.pickle,53.0,70.0,0.7571428571428571,0.7197026439967044
MI_186_H,MI_186_H.pickle,45.0,53.0,0.8490566037735849,0.9427536231884057
MI_187_H,MI_187_H.pickle,44.0,58.0,0.7586206896551724,0.9398300756766796
MI_188_H,MI_188_H.pickle,44.0,60.0,0.7333333333333333,0.6603150079395731
MI_189_H,MI_189_H.pickle,51.0,62.0,0.8225806451612904,0.9352162829280136
MI_190_H,MI_190_H.pickle,41.0,49.0,0.8367346938775511,0.9236087238837326
MI_191_H,MI_191_H.pickle,56.0,70.0,0.8,0.7023557528166606
MI_192_H,MI_192_H.pickle,43.0,52.0,0.8269230769230769,0.9551134914562613
MI_193_H,MI_193_H.pickle,57.0,69.0,0.8260869565217391,0.9123216601815826
MI_194_H,MI_194_H.pickle,48.0,66.0,0.7272727272727273,0.9606847741505171
MI_195_H,MI_195_H.pickle,46.0,57.0,0.8070175438596491,0.894181103441971
MI_196_H,MI_196_H.pickle,53.0,64.0,0.828125,0.979368489319444
MI_197_H,MI_197_H.pickle,53.0,66.0,0.803030303030303,0.8903015703069235
MI_198_H1,MI_198_H1.pickle,41.0,46.0,0.8913043478260869,0.9324382435854557
MI_198_H2,MI_198_H2.pickle,45.0,53.0,0.8490566037735849,0.9208962451027868
MI_199_H,MI_199_H.pickle,52.0,65.0,0.8,0.8539330561505186
MI_200_H,MI_200_H.pickle,51.0,64.0,0.796875,0.9050051418820418
MI_201_H,MI_201_H.pickle,42.0,52.0,0.8076923076923077,0.7911004452668715
MI_202_H,MI_202_H.pickle,54.0,69.0,0.782608695652174,0.9115428977020671
MI_203_H,MI_203_H.pickle,55.0,78.0,0.7051282051282052,0.7773629906154405
MI_204_H,MI_204_H.pickle,44.0,58.0,0.7586206896551724,0.8727810650887576
MI_205_H,MI_205_H.pickle,52.0,67.0,0.7761194029850746,0.8612247681396618
MI_206_H,MI_206_H.pickle,45.0,61.0,0.7377049180327869,0.8301793240228744
MI_207_H,MI_207_H.pickle,49.0,63.0,0.7777777777777778,0.9452188940092164
MI_208_H,MI_208_H.pickle,52.0,68.0,0.7647058823529411,0.7829673521552222
MI_209_H,MI_209_H.pickle,44.0,58.0,0.7586206896551724,0.8489079842463303
MI_210_H,MI_210_H.pickle,60.0,78.0,0.7692307692307693,0.8502136557868899
MI_211_H,MI_211_H.pickle,53.0,66.0,0.803030303030303,0.8872215274881371
MI_212_H,MI_212_H.pickle,57.0,77.0,0.7402597402597403,0.6071229588994127
MI_213_H,MI_213_H.pickle,50.0,63.0,0.7936507936507936,0.813974421482954
MI_214_H,MI_214_H.pickle,54.0,71.0,0.7605633802816901,0.8624922088507455
MI_215_H,MI_215_H.pickle,58.0,67.0,0.8656716417910447,0.9607469857673828
MI_216_H,MI_216_H.pickle,53.0,67.0,0.7910447761194029,0.7040131208036493
MI_217_H,MI_217_H.pickle,50.0,65.0,0.7692307692307693,0.8899769006728934
MI_218_H,MI_218_H.pickle,40.0,52.0,0.7692307692307693,0.956825418564043
MI_219_H,MI_219_H.pickle,40.0,48.0,0.8333333333333334,0.9894325834646798
MI_220_H,MI_220_H.pickle,60.0,79.0,0.759493670886076,0.8758370138196323
MI_221_H,MI_221_H.pickle,50.0,66.0,0.7575757575757576,0.7350603621730386
MI_222_H,MI_222_H.pickle,37.0,50.0,0.74,0.9705190758920698
MI_223_H,MI_223_H.pickle,52.0,70.0,0.7428571428571429,0.9363891487395993
MI_224_H,MI_224_H.pickle,57.0,75.0,0.76,0.8775986313442894
MI_225_H,MI_225_H.pickle,55.0,70.0,0.7857142857142857,0.9056141782778526
MI_226_H,MI_226_H.pickle,49.0,58.0,0.8448275862068966,0.9342331214412678
MI_227_H,MI_227_H.pickle,48.0,60.0,0.8,0.9165493757094212
MI_228_H,MI_228_H.pickle,50.0,61.0,0.819672131147541,0.9232775047638149
MI_229_H,MI_229_H.pickle,48.0,62.0,0.7741935483870968,0.8698065303391135
MI_230_H,MI_230_H.pickle,42.0,53.0,0.7924528301886793,0.9423932710645997
MI_232_H,MI_232_H.pickle,53.0,66.0,0.803030303030303,0.7540999950152034
MI_233_H,MI_233_H.pickle,48.0,62.0,0.7741935483870968,0.8860858471542038
MI_234_H,MI_234_H.pickle,38.0,46.0,0.8260869565217391,0.9695822343231515
MI_235_H,MI_235_H.pickle,51.0,69.0,0.7391304347826086,0.5214879096439401
MI_236_H,MI_236_H.pickle,57.0,73.0,0.7808219178082192,0.6708113298127704
MI_237_H,MI_237_H.pickle,52.0,64.0,0.8125,0.8938666666666666
MI_238_H,MI_238_H.pickle,52.0,68.0,0.7647058823529411,0.8035213180048885
MI_239_H,MI_239_H.pickle,44.0,56.0,0.7857142857142857,0.9005140286999359
MI_240_H,MI_240_H.pickle,64.0,83.0,0.7710843373493976,0.8468246133596578
MI_241_H,MI_241_H.pickle,52.0,62.0,0.8387096774193549,0.9137021246854905
MI_242_H,MI_242_H.pickle,46.0,58.0,0.7931034482758621,0.9285416840176564
MI_243_H,MI_243_H.pickle,53.0,72.0,0.7361111111111112,0.5369641048722855
MI_244_H,MI_244_H.pickle,45.0,52.0,0.8653846153846154,0.9300580006823614
MI_245_H,MI_245_H.pickle,54.0,69.0,0.782608695652174,0.9279648072340685
MI_246_H,MI_246_H.pickle,67.0,88.0,0.7613636363636364,0.8091321772493304
MI_247_H,MI_247_H.pickle,42.0,56.0,0.75,0.8732339598185352
MI_248_H,MI_248_H.pickle,38.0,47.0,0.8085106382978723,0.9295139652518145
MI_249_H,MI_249_H.pickle,40.0,46.0,0.8695652173913043,0.8794167968459421
MI_250_H,MI_250_H.pickle,44.0,53.0,0.8301886792452831,0.9616829451540195
MI_251_H,MI_251_H.pickle,62.0,80.0,0.775,0.874149364376104
MI_252_H,MI_252_H.pickle,35.0,40.0,0.875,0.9957251968272335
MI_253_H,MI_253_H.pickle,47.0,58.0,0.8103448275862069,0.9016393442622952
MI_254_H,MI_254_H.pickle,48.0,59.0,0.8135593220338984,0.9529591145245087
MI_255_H,MI_255_H.pickle,60.0,76.0,0.7894736842105263,0.724341367170877
MI_256_H,MI_256_H.pickle,48.0,61.0,0.7868852459016393,0.743435163178946
MI_257_H,MI_257_H.pickle,49.0,61.0,0.8032786885245902,0.9080732933801748
MI_258_H,MI_258_H.pickle,58.0,71.0,0.8169014084507042,0.9125183952909681
MI_259_H,MI_259_H.pickle,46.0,58.0,0.7931034482758621,0.8931268757626726
MI_260_H,MI_260_H.pickle,51.0,66.0,0.7727272727272727,0.887710450197094
MI_261_H,MI_261_H.pickle,38.0,43.0,0.8837209302325582,0.9690598906521706
MI_262_H,MI_262_H.pickle,47.0,65.0,0.7230769230769231,0.828038983017877
MI_263_H,MI_263_H.pickle,48.0,62.0,0.7741935483870968,0.8153771887479702
MI_264_H,MI_264_H.pickle,55.0,70.0,0.7857142857142857,0.8645661206783425
MI_265_H,MI_265_H.pickle,48.0,63.0,0.7619047619047619,0.7268703597944035
MI_266_H,MI_266_H.pickle,56.0,78.0,0.717948717948718,0.6096193298381583
MI_267_H,MI_267_H.pickle,56.0,77.0,0.7272727272727273,0.7617374087365425
MI_269_H,MI_269_H.pickle,48.0,58.0,0.8275862068965517,0.9333422366158624
MI_270_H,MI_270_H.pickle,67.0,85.0,0.788235294117647,0.926611890593438
MI_271_H,MI_271_H.pickle,44.0,56.0,0.7857142857142857,0.9216576394030316
MI_273_H,MI_273_H.pickle,31.0,42.0,0.7380952380952381,0.8118956429411093
MI_274_H,MI_274_H.pickle,44.0,48.0,0.9166666666666666,0.990472132925365
MI_275_H,MI_275_H.pickle,44.0,53.0,0.8301886792452831,0.9752415458937201
MI_276_H,MI_276_H.pickle,65.0,81.0,0.8024691358024691,0.7623495388463343
MI_277_H,MI_277_H.pickle,62.0,79.0,0.7848101265822784,0.8078531852922496
MI_278_H,MI_278_H.pickle,52.0,70.0,0.7428571428571429,0.9251610899774861
MI_279_H,MI_279_H.pickle,65.0,88.0,0.7386363636363636,0.5420369104579631
MI_280_H,MI_280_H.pickle,51.0,65.0,0.7846153846153846,0.9673423423423426
MI_281_H,MI_281_H.pickle,62.0,88.0,0.7045454545454546,0.8216180734095506
MI_282_H,MI_282_H.pickle,58.0,79.0,0.7341772151898734,0.8050313107320233
MI_283_H,MI_283_H.pickle,53.0,76.0,0.6973684210526315,0.7685431593321471
MI_284_H,MI_284_H.pickle,55.0,70.0,0.7857142857142857,0.9043375466036195
MI_285_H,MI_285_H.pickle,40.0,47.0,0.851063829787234,0.9904316172646908
MI_286_H,MI_286_H.pickle,53.0,68.0,0.7794117647058824,0.8518518518518515
MI_287_H,MI_287_H.pickle,55.0,74.0,0.7432432432432432,0.5700054040083644
MI_288_H,MI_288_H.pickle,66.0,83.0,0.7951807228915663,0.8047100980011227
MI_289_H,MI_289_H.pickle,50.0,66.0,0.7575757575757576,0.9364348046775862
MI_290_H,MI_290_H.pickle,38.0,48.0,0.7916666666666666,0.950095457976291
MI_291_H,MI_291_H.pickle,43.0,55.0,0.7818181818181819,0.8694683221903852
MI_292_H,MI_292_H.pickle,51.0,66.0,0.7727272727272727,0.886880306762627
MI_293_H,MI_293_H.pickle,63.0,80.0,0.7875,0.8060943286935457
MI_294_H,MI_294_H.pickle,62.0,85.0,0.7294117647058823,0.7980086719126386
MI_295_H,MI_295_H.pickle,49.0,63.0,0.7777777777777778,0.8119769551965326
MI_296_H,MI_296_H.pickle,50.0,65.0,0.7692307692307693,0.8841399757798473
MI_297_H,MI_297_H.pickle,44.0,56.0,0.7857142857142857,0.943694643610291
MI_298_H,MI_298_H.pickle,51.0,71.0,0.7183098591549296,0.5732324668676412
MI_299_H,MI_299_H.pickle,57.0,72.0,0.7916666666666666,0.822822448173331
MI_300_H,MI_300_H.pickle,49.0,63.0,0.7777777777777778,0.8147336110502079
MI_301_H,MI_301_H.pickle,48.0,62.0,0.7741935483870968,0.8536363636363641
MI_302_H,MI_302_H.pickle,67.0,84.0,0.7976190476190477,0.6900632358024442
MI_303_H,MI_303_H.pickle,46.0,60.0,0.7666666666666667,0.8823916898905014
MI_304_H,MI_304_H.pickle,39.0,52.0,0.75,0.8997624064195097
MI_305_H,MI_305_H.pickle,55.0,73.0,0.7534246575342466,0.6263722476603889
MI_306_H,MI_306_H.pickle,41.0,53.0,0.7735849056603774,0.8615953780660855
MI_307_H,MI_307_H.pickle,41.0,52.0,0.7884615384615384,0.8734511398454514
MI_308_H,MI_308_H.pickle,46.0,63.0,0.7301587301587301,0.8697015776468353
MI_309_H,MI_309_H.pickle,50.0,66.0,0.7575757575757576,0.7656783122687301
MI_310_H,MI_310_H.pickle,50.0,67.0,0.746268656716418,0.8159798918424863
MI_311_H,MI_311_H.pickle,44.0,52.0,0.8461538461538461,0.9388798108683768
MI_312_H,MI_312_H.pickle,54.0,72.0,0.75,0.8246926277406387
MI_313_H,MI_313_H.pickle,35.0,46.0,0.7608695652173914,0.9533214249603992
MI_314_H,MI_314_H.pickle,54.0,74.0,0.7297297297297297,0.7807631404206481
MI_315_H,MI_315_H.pickle,56.0,77.0,0.7272727272727273,0.7898550724637683
MI_316_H,MI_316_H.pickle,37.0,52.0,0.7115384615384616,0.7358943894398156
MI_317_H,MI_317_H.pickle,44.0,56.0,0.7857142857142857,0.6954689645378934
MI_318_H,MI_318_H.pickle,54.0,70.0,0.7714285714285715,0.8567095030610559
MI_319_H,MI_319_H.pickle,47.0,59.0,0.7966101694915254,0.8929751472489588
MI_320_H,MI_320_H.pickle,59.0,72.0,0.8194444444444444,0.9007235582038731
MI_321_H,MI_321_H.pickle,45.0,61.0,0.7377049180327869,0.7995141918942019
MI_322_H,MI_322_H.pickle,42.0,53.0,0.7924528301886793,0.9401397542253278
MI_323_H,MI_323_H.pickle,59.0,78.0,0.7564102564102564,0.7747882644691877
MI_324_H,MI_324_H.pickle,39.0,49.0,0.7959183673469388,0.9154271143218985
MI_325_H,MI_325_H.pickle,54.0,70.0,0.7714285714285715,0.735194518821862
MI_326_H,MI_326_H.pickle,56.0,74.0,0.7567567567567568,0.8445305770887167
MI_327_H,MI_327_H.pickle,52.0,69.0,0.7536231884057971,0.9519239996161596
MI_328_H,MI_328_H.pickle,53.0,71.0,0.7464788732394366,0.7593153016833746
MI_329_H,MI_329_H.pickle,61.0,76.0,0.8026315789473685,0.7611742144859123
MI_330_H,MI_330_H.pickle,37.0,46.0,0.8043478260869565,0.9260503136683355
MI_331_H,MI_331_H.pickle,52.0,75.0,0.6933333333333334,0.5493474165769646
MI_332_H,MI_332_H.pickle,62.0,86.0,0.7209302325581395,0.7889295516951058
MI_333_H,MI_333_H.pickle,50.0,59.0,0.847457627118644,0.9388608631914801
MI_334_H,MI_334_H.pickle,53.0,71.0,0.7464788732394366,0.8731066187304766
MI_335_H,MI_335_H.pickle,41.0,53.0,0.7735849056603774,0.8031943790518271
MI_336_H,MI_336_H.pickle,46.0,57.0,0.8070175438596491,0.7558033069424249
MI_337_H,MI_337_H.pickle,54.0,71.0,0.7605633802816901,0.870730599264858
MI_338_H,MI_338_H.pickle,47.0,67.0,0.7014925373134329,0.8562944028868926
MI_339_H,MI_339_H.pickle,45.0,62.0,0.7258064516129032,0.9204263944148339
MI_340_H,MI_340_H.pickle,61.0,79.0,0.7721518987341772,0.9166241713420143
MI_341_H,MI_341_H.pickle,42.0,59.0,0.711864406779661,0.7105647517039926
MI_342_H,MI_342_H.pickle,53.0,67.0,0.7910447761194029,0.887173123764879
MI_343_H,MI_343_H.pickle,53.0,74.0,0.7162162162162162,0.7458452852524698
MI_344_H,MI_344_H.pickle,45.0,62.0,0.7258064516129032,0.950216083382764
MI_345_H,MI_345_H.pickle,56.0,73.0,0.7671232876712328,0.9294719977709668
MI_346_H,MI_346_H.pickle,49.0,71.0,0.6901408450704225,0.9288061803747495
MI_347_H,MI_347_H.pickle,54.0,71.0,0.7605633802816901,0.8631313402387223
MI_348_H,MI_348_H.pickle,60.0,79.0,0.759493670886076,0.8137639447812133
MI_349_H,MI_349_H.pickle,58.0,72.0,0.8055555555555556,0.7772539776075431
MI_350_H,MI_350_H.pickle,60.0,80.0,0.75,0.7404316113885033
MI_351_H,MI_351_H.pickle,43.0,55.0,0.7818181818181819,0.9572705809498007
MI_352_H,MI_352_H.pickle,52.0,71.0,0.7323943661971831,0.9534888105427877
MI_353_H,MI_353_H.pickle,26.0,31.0,0.8387096774193549,0.9965759480444324
MI_354_H,MI_354_H.pickle,39.0,49.0,0.7959183673469388,0.9378062193780623
MI_355_H,MI_355_H.pickle,35.0,39.0,0.8974358974358975,0.9946201103745097
MI_356_H,MI_356_H.pickle,52.0,68.0,0.7647058823529411,0.8176991150442476
MI_357_H,MI_357_H.pickle,51.0,61.0,0.8360655737704918,0.969561359515451
MI_358_H,MI_358_H.pickle,49.0,68.0,0.7205882352941176,0.8271535475158949
MI_359_H,MI_359_H.pickle,39.0,50.0,0.78,0.9724043237713189
MI_360_H,MI_360_H.pickle,44.0,52.0,0.8461538461538461,0.9130405473728255
MI_361_H,MI_361_H.pickle,49.0,66.0,0.7424242424242424,0.7524880749075168
MI_363_H,MI_363_H.pickle,43.0,59.0,0.7288135593220338,0.9449383500026463
MI_364_H,MI_364_H.pickle,61.0,76.0,0.8026315789473685,0.8267262877287385
MI_365_H,MI_365_H.pickle,67.0,85.0,0.788235294117647,0.8736738056013177
MI_366_H,MI_366_H.pickle,46.0,63.0,0.7301587301587301,0.97167726514229
MI_367_H,MI_367_H.pickle,61.0,74.0,0.8243243243243243,0.869311490853898
MI_368_H,MI_368_H.pickle,59.0,79.0,0.7468354430379747,0.8455817471322324
MI_369_H,MI_369_H.pickle,36.0,45.0,0.8,0.9854618373229731
MI_370_H,MI_370_H.pickle,57.0,78.0,0.7307692307692307,0.7818860413050346
MI_371_H,MI_371_H.pickle,53.0,66.0,0.803030303030303,0.9358566404287392
MI_372_H,MI_372_H.pickle,40.0,54.0,0.7407407407407407,0.9197611010127239
MI_373_H,MI_373_H.pickle,52.0,67.0,0.7761194029850746,0.8639267261625179
MI_374_H,MI_374_H.pickle,42.0,54.0,0.7777777777777778,0.49357500579229724
MI_375_H,MI_375_H.pickle,54.0,68.0,0.7941176470588235,0.9513695995897611
MI_376_H,MI_376_H.pickle,43.0,56.0,0.7678571428571429,0.8370904215201543
MI_377_H,MI_377_H.pickle,55.0,72.0,0.7638888888888888,0.778589116771273
MI_380_H,MI_380_H.pickle,58.0,76.0,0.7631578947368421,0.7574525745257453
MI_381_H,MI_381_H.pickle,44.0,56.0,0.7857142857142857,0.9469154737559645
MI_382_H,MI_382_H.pickle,51.0,66.0,0.7727272727272727,0.9231904517453801
MI_383_H,MI_383_H.pickle,50.0,67.0,0.746268656716418,0.8412208353548277
MI_384_H,MI_384_H.pickle,23.0,30.0,0.7666666666666667,0.9963255900853211
MI_385_H,MI_385_H.pickle,43.0,51.0,0.8431372549019608,0.971240003853936
MI_386_H,MI_386_H.pickle,45.0,59.0,0.7627118644067796,0.9346388985536059
MI_388_H,MI_388_H.pickle,40.0,54.0,0.7407407407407407,0.8829654310680545
MI_389_H,MI_389_H.pickle,45.0,56.0,0.8035714285714286,0.9854193971166446
MI_390_H,MI_390_H.pickle,54.0,77.0,0.7012987012987013,0.9389787332587132
MI_391_H,MI_391_H.pickle,53.0,62.0,0.8548387096774194,0.9040086008293655
MI_392_H,MI_392_H.pickle,53.0,65.0,0.8153846153846154,0.8871803807117655
MI_393_H,MI_393_H.pickle,46.0,60.0,0.7666666666666667,0.8410205696202531
MI_394_H,MI_394_H.pickle,35.0,45.0,0.7777777777777778,0.9761155268749508
MI_395_H,MI_395_H.pickle,46.0,56.0,0.8214285714285714,0.9673478707615022
MI_396_H,MI_396_H.pickle,49.0,61.0,0.8032786885245902,0.9408911542254057
MI_397_H,MI_397_H.pickle,40.0,53.0,0.7547169811320755,0.8952954319761668
MI_398_H,MI_398_H.pickle,45.0,58.0,0.7758620689655172,0.7783783783783783
MI_399_H,MI_399_H.pickle,68.0,84.0,0.8095238095238095,0.8227754925308509
MI_400_H,MI_400_H.pickle,45.0,59.0,0.7627118644067796,0.9569097798515641
MI_401_H,MI_401_H.pickle,53.0,69.0,0.7681159420289855,0.8362274429690162
MI_403_H,MI_403_H.pickle,45.0,57.0,0.7894736842105263,0.9585094329442656
MI_404_H,MI_404_H.pickle,53.0,69.0,0.7681159420289855,0.8409211574196972
MI_405_H,MI_405_H.pickle,43.0,54.0,0.7962962962962963,0.865822089739567
MI_406_H,MI_406_H.pickle,40.0,47.0,0.851063829787234,0.9712948096574284
MI_408_H,MI_408_H.pickle,60.0,78.0,0.7692307692307693,0.7437580770224862
MI_409_H,MI_409_H.pickle,49.0,62.0,0.7903225806451613,0.9429738701166058
MI_410_H,MI_410_H.pickle,41.0,52.0,0.7884615384615384,0.8385259631490786
MI_411_H,MI_411_H.pickle,52.0,69.0,0.7536231884057971,0.8552222623777719
MI_412_H,MI_412_H.pickle,48.0,59.0,0.8135593220338984,0.9528618117824521
MI_413_H,MI_413_H.pickle,54.0,74.0,0.7297297297297297,0.7388433696603293
MI_414_H,MI_414_H.pickle,43.0,58.0,0.7413793103448276,0.9352524731586105
MI_415_H,MI_415_H.pickle,41.0,51.0,0.803921568627451,0.9762522709576954
MI_416_H,MI_416_H.pickle,65.0,84.0,0.7738095238095238,0.7699284490590502
MI_417_H,MI_417_H.pickle,47.0,65.0,0.7230769230769231,0.8873701476216512
MI_418_H,MI_418_H.pickle,46.0,67.0,0.6865671641791045,0.7940021981472758
MI_419_H,MI_419_H.pickle,50.0,71.0,0.704225352112676,0.800289322438128
MI_420_H,MI_420_H.pickle,76.0,93.0,0.8172043010752689,0.8022532289997168
MI_421_H,MI_421_H.pickle,47.0,63.0,0.746031746031746,0.881648790130688
MI_423_H,MI_423_H.pickle,58.0,78.0,0.7435897435897436,0.608484585008876
MI_424_H,MI_424_H.pickle,68.0,89.0,0.7640449438202247,0.6429322634499148
MI_425_H,MI_425_H.pickle,50.0,66.0,0.7575757575757576,0.8959147424511548
MI_426_H,MI_426_H.pickle,49.0,57.0,0.8596491228070176,0.8802271553949405
MI_427_H,MI_427_H.pickle,59.0,77.0,0.7662337662337663,0.7601047291768939
MI_430_H,MI_430_H.pickle,50.0,65.0,0.7692307692307693,0.9331581117295401
MI_431_H,MI_431_H.pickle,52.0,67.0,0.7761194029850746,0.8732488325550365
MI_433_H,MI_433_H.pickle,61.0,85.0,0.7176470588235294,0.8016755810100822
MI_434_H,MI_434_H.pickle,73.0,93.0,0.7849462365591398,0.8179925128685072
MI_435_H,MI_435_H.pickle,47.0,63.0,0.746031746031746,0.6920045045045051
MI_436_H,MI_436_H.pickle,48.0,60.0,0.8,0.8869071565866524
MI_437_H,MI_437_H.pickle,57.0,76.0,0.75,0.7332000000000003
MI_438_H,MI_438_H.pickle,49.0,60.0,0.8166666666666667,0.9469696969696971
MI_439_H,MI_439_H.pickle,55.0,72.0,0.7638888888888888,0.747708739265353
MI_440_H,MI_440_H.pickle,46.0,59.0,0.7796610169491526,0.7541410757491158
MI_442_H,MI_442_H.pickle,36.0,48.0,0.75,0.9009783575452119
MI_444_H,MI_444_H.pickle,61.0,78.0,0.782051282051282,0.6620039531701387
MI_445_H,MI_445_H.pickle,55.0,71.0,0.7746478873239436,0.8345478924969393
MI_446_H,MI_446_H.pickle,46.0,59.0,0.7796610169491526,0.8371631205673759
MI_447_H,MI_447_H.pickle,56.0,70.0,0.8,0.9049616739175472
MI_449_H,MI_449_H.pickle,56.0,77.0,0.7272727272727273,0.7747615553925166
MI_450_H,MI_450_H.pickle,46.0,57.0,0.8070175438596491,0.9560228395739543
MI_451_H,MI_451_H.pickle,52.0,71.0,0.7323943661971831,0.8335059018430319
MI_452_H,MI_452_H.pickle,43.0,54.0,0.7962962962962963,0.9132420091324199
MI_453_H,MI_453_H.pickle,53.0,66.0,0.803030303030303,0.5750086535133262
MI_454_H,MI_454_H.pickle,56.0,70.0,0.8,0.959532970678027
MI_455_H,MI_455_H.pickle,52.0,59.0,0.8813559322033898,0.948100092678406
MI_456_H,MI_456_H.pickle,50.0,65.0,0.7692307692307693,0.6914066205064976
MI_458_H1,MI_458_H1.pickle,58.0,74.0,0.7837837837837838,0.8901870140785879
MI_458_H2,MI_458_H2.pickle,60.0,75.0,0.8,0.8932747764431981
MI_459_H,MI_459_H.pickle,43.0,54.0,0.7962962962962963,0.9459397896814852
NLF015,NLF015.pickle,34.0,38.0,0.8947368421052632,0.9937096364337665
SAMEA104142087,SAMEA104142087.pickle,27.0,29.0,0.9310344827586207,0.9915643472031569
SAMEA104142088,SAMEA104142088.pickle,21.0,22.0,0.9545454545454546,0.9732438564756369
SAMEA104142089,SAMEA104142089.pickle,33.0,35.0,0.9428571428571428,0.9775987226132816
SAMEA104142097,SAMEA104142097.pickle,45.0,51.0,0.8823529411764706,0.9749758938334522
SAMEA104142099,SAMEA104142099.pickle,35.0,41.0,0.8536585365853658,0.9629059306266026
SAMEA104142102,SAMEA104142102.pickle,50.0,57.0,0.8771929824561403,0.9097322644888924
SAMEA104142103,SAMEA104142103.pickle,45.0,50.0,0.9,0.9831824248403697
SAMEA104142104,SAMEA104142104.pickle,33.0,35.0,0.9428571428571428,0.9866765404177498
SAMEA104142107,SAMEA104142107.pickle,27.0,30.0,0.9,0.9666534033346595
SAMEA104142111,SAMEA104142111.pickle,45.0,50.0,0.9,0.9667593099826266
SAMEA104142115,SAMEA104142115.pickle,38.0,46.0,0.8260869565217391,0.9853152596220406
SAMEA104142117,SAMEA104142117.pickle,46.0,53.0,0.8679245283018868,0.9526081462486855
SAMEA104142118,SAMEA104142118.pickle,30.0,30.0,1.0,0.9991837964087043
SAMEA104142119,SAMEA104142119.pickle,44.0,52.0,0.8461538461538461,0.9194671138490844
SAMEA104142124,SAMEA104142124.pickle,34.0,37.0,0.918918918918919,0.9966441885870612
SAMEA104142129,SAMEA104142129.pickle,42.0,46.0,0.9130434782608695,0.9969290791177381
SAMEA104142131,SAMEA104142131.pickle,41.0,47.0,0.8723404255319149,0.9871449953088747
SAMEA104142132,SAMEA104142132.pickle,33.0,39.0,0.8461538461538461,0.9213041240057197
SAMEA104142137,SAMEA104142137.pickle,42.0,47.0,0.8936170212765957,0.9788798615305027
SAMEA104142139,SAMEA104142139.pickle,35.0,38.0,0.9210526315789473,0.9933614360274697
SAMEA104142142,SAMEA104142142.pickle,36.0,41.0,0.8780487804878049,0.9874005106727893
SAMEA104142145,SAMEA104142145.pickle,36.0,40.0,0.9,0.9449446110110779
SAMEA104142153,SAMEA104142153.pickle,38.0,44.0,0.8636363636363636,0.8640050269534676
SAMEA104142212,SAMEA104142212.pickle,30.0,33.0,0.9090909090909091,0.9940216490708003
SAMEA104142229,SAMEA104142229.pickle,30.0,36.0,0.8333333333333334,0.8116847435054232
SAMEA104142326,SAMEA104142326.pickle,43.0,48.0,0.8958333333333334,0.9745264191323448
SAMEA104142333,SAMEA104142333.pickle,50.0,57.0,0.8771929824561403,0.950323819179802
SAMEA104142336,SAMEA104142336.pickle,38.0,42.0,0.9047619047619048,0.9888762611977393
SAMEA104142337,SAMEA104142337.pickle,38.0,43.0,0.8837209302325582,0.9929505262753658
SAMEA104142339,SAMEA104142339.pickle,40.0,44.0,0.9090909090909091,0.9814393718461474
SAMEA104142340,SAMEA104142340.pickle,26.0,26.0,1.0,0.9998792995171982
SAMEA104142343,SAMEA104142343.pickle,35.0,38.0,0.9210526315789473,0.9894536653008308
SAMEA104142352,SAMEA104142352.pickle,26.0,29.0,0.896551724137931,0.9976835990734397
SAMEA104142365,SAMEA104142365.pickle,38.0,44.0,0.8636363636363636,0.9700787940157587
SAMEA104142369,SAMEA104142369.pickle,37.0,41.0,0.9024390243902439,0.9531302597610664
SAMEA104142383,SAMEA104142383.pickle,32.0,39.0,0.8205128205128205,0.9928651769687353
SAMEA104142388,SAMEA104142388.pickle,42.0,49.0,0.8571428571428571,0.9453222295415891
SAMEA104142390,SAMEA104142390.pickle,29.0,30.0,0.9666666666666667,0.9987939143363376
SAMEA104142391,SAMEA104142391.pickle,27.0,31.0,0.8709677419354839,0.8708230489343879
SAMEA104142397,SAMEA104142397.pickle,37.0,43.0,0.8604651162790697,0.9981884007246399
SAMEA104142401,SAMEA104142401.pickle,36.0,39.0,0.9230769230769231,0.9975618714403094
SAMEA104142402,SAMEA104142402.pickle,42.0,46.0,0.9130434782608695,0.9234931707957112
SAMEA104142404,SAMEA104142404.pickle,43.0,50.0,0.86,0.9514623048537694
SAMEA104142405,SAMEA104142405.pickle,42.0,44.0,0.9545454545454546,0.996827260634308
SAMEA104142406,SAMEA104142406.pickle,39.0,45.0,0.8666666666666667,0.9728732353617333
SAMEA104142407,SAMEA104142407.pickle,42.0,47.0,0.8936170212765957,0.9345954118648568
SAMEA104142448,SAMEA104142448.pickle,40.0,43.0,0.9302325581395349,0.9849920015007998
SID21_TO_V_new,SID21_TO_V_new.pickle,33.0,40.0,0.825,0.8704132587812514
SID31021,SID31021.pickle,39.0,46.0,0.8478260869565217,0.7915942374902054
SID31160,SID31160.pickle,33.0,38.0,0.868421052631579,0.9545417061889315
SID31300,SID31300.pickle,43.0,50.0,0.86,0.8670990848587771
SID31360,SID31360.pickle,39.0,47.0,0.8297872340425532,0.8854250976475286
SID31428,SID31428.pickle,29.0,34.0,0.8529411764705882,0.9605450039454996
SID31537,SID31537.pickle,39.0,47.0,0.8297872340425532,0.9680894966349521
SID530050,SID530050.pickle,51.0,61.0,0.8360655737704918,0.8484107363994933
SID530167,SID530167.pickle,55.0,62.0,0.8870967741935484,0.9316148578917735
SID530251,SID530251.pickle,19.0,22.0,0.8636363636363636,0.8740995125900487
SID530258,SID530258.pickle,32.0,37.0,0.8648648648648649,0.9802096363801228
SID530364,SID530364.pickle,42.0,50.0,0.84,0.8102871219085529
SID530368,SID530368.pickle,37.0,44.0,0.8409090909090909,0.9480748829353186
SID530444,SID530444.pickle,42.0,48.0,0.875,0.9895785426313284
SID532779,SID532779.pickle,33.0,40.0,0.825,0.8539983409311486
SIDVOV108_metag,SIDVOV108_metag.pickle,34.0,41.0,0.8292682926829268,0.9844427576918303
SIDVOV32_metag,SIDVOV32_metag.pickle,43.0,49.0,0.8775510204081632,0.9774551
SIDVOV39_metag,SIDVOV39_metag.pickle,31.0,36.0,0.8611111111111112,0.9577592957759296
SZAXPI003417_4,SZAXPI003417_4.pickle,32.0,36.0,0.8888888888888888,0.9660446188999402
SZAXPI003419_6,SZAXPI003419_6.pickle,23.0,25.0,0.92,0.9734129758607174
SZAXPI003427_1,SZAXPI003427_1.pickle,40.0,42.0,0.9523809523809523,0.9982551235299708
SZAXPI003433_7,SZAXPI003433_7.pickle,41.0,45.0,0.9111111111111111,0.9823945419519028
SZAXPI015231_17,SZAXPI015231_17.pickle,34.0,39.0,0.8717948717948718,0.980712566488218
SZAXPI015246_34,SZAXPI015246_34.pickle,35.0,41.0,0.8536585365853658,0.9495804899239279
SZAXPI015248_36,SZAXPI015248_36.pickle,33.0,38.0,0.868421052631579,0.9704997127053258
SZAXPI015250_39,SZAXPI015250_39.pickle,50.0,58.0,0.8620689655172413,0.9664647017035077
SZAXPI015253_44,SZAXPI015253_44.pickle,49.0,59.0,0.8305084745762712,0.9110509031707822
SZAXPI015254_45,SZAXPI015254_45.pickle,38.0,43.0,0.8837209302325582,0.9678892839446417
SZAXPI015255_46,SZAXPI015255_46.pickle,39.0,45.0,0.8666666666666667,0.9006960203222694
SZAXPI015258_57,SZAXPI015258_57.pickle,41.0,46.0,0.8913043478260869,0.9465577516216152
SZAXPI015261_75,SZAXPI015261_75.pickle,37.0,42.0,0.8809523809523809,0.9949265912220767
SZAXPI015264_87,SZAXPI015264_87.pickle,37.0,45.0,0.8222222222222222,0.8763459021386693
SZAXPI015265_88,SZAXPI015265_88.pickle,37.0,42.0,0.8809523809523809,0.9418137642850044
SZAXPI015267_102,SZAXPI015267_102.pickle,39.0,44.0,0.8863636363636364,0.9884829039699291
SZAXPI015270_90,SZAXPI015270_90.pickle,35.0,38.0,0.9210526315789473,0.9037855148562907
SZAXPI015272_108,SZAXPI015272_108.pickle,29.0,35.0,0.8285714285714286,0.8259942807433054
SZAXPI017591_140,SZAXPI017591_140.pickle,33.0,38.0,0.868421052631579,0.7374015468005143
SZAXPI017592_142,SZAXPI017592_142.pickle,42.0,51.0,0.8235294117647058,0.9004118903724017
YEZ_N_33,YEZ_N_33.pickle,31.0,37.0,0.8378378378378378,0.9700128179923093
YEZ_N_40,YEZ_N_40.pickle,31.0,36.0,0.8611111111111112,0.9899472929631051
YEZ_N_43,YEZ_N_43.pickle,33.0,35.0,0.9428571428571428,0.9968856402914537
nHM412840,nHM412840.pickle,21.0,23.0,0.9130434782608695,0.7373541787937465
nHM511825,nHM511825.pickle,26.0,29.0,0.896551724137931,0.9683051144238086
nHM612836,nHM612836.pickle,35.0,41.0,0.8536585365853658,0.9775061555047516
wHAXPI032793_23,wHAXPI032793_23.pickle,38.0,41.0,0.926829268292683,0.99775630044874
wHAXPI032797_27,wHAXPI032797_27.pickle,30.0,33.0,0.9090909090909091,0.9928670007132998
